{"type":"FeatureCollection","features":[{"type":"Feature","properties":{"name":"东京","nameJa":"東京都"},"geometry":{"type":"MultiPolygon","coordinates":[[[[138.944,35.85467],[138.94409,35.86153],[138.94589,35.86593],[138.9463,35.86867],[138.9503,35.86993],[138.95689,35.87567],[138.966,35.8784],[138.9682,35.88213],[138.976,35.88313],[138.9799,35.8846],[138.98669,35.88127],[138.9968,35.8844],[139.0015,35.8844],[139.00661,35.89113],[139.0103,35.89713],[139.01939,35.89813],[139.0239,35.8974],[139.03619,35.8898],[139.0517,35.8782],[139.05811,35.87733],[139.06241,35.8734],[139.0726,35.8718],[139.0786,35.8754],[139.08611,35.8726],[139.09241,35.869],[139.0992,35.86853],[139.1002,35.86713],[139.10179,35.8662],[139.1218,35.86493],[139.13029,35.86507],[139.1384,35.86427],[139.15111,35.86087],[139.1601,35.85573],[139.16341,35.85086],[139.17551,35.8472],[139.18581,35.8428],[139.1964,35.84013],[139.2039,35.84227],[139.2049,35.84453],[139.20911,35.8464],[139.2155,35.84533],[139.2224,35.84073],[139.22951,35.83733],[139.23331,35.83713],[139.2394,35.84053],[139.24159,35.83853],[139.24409,35.8368],[139.2468,35.83686],[139.2563,35.8378],[139.2588,35.83653],[139.2614,35.83653],[139.27499,35.8396],[139.28011,35.83947],[139.28081,35.84053],[139.2834,35.83653],[139.286,35.83653],[139.2912,35.8378],[139.29269,35.83653],[139.29601,35.83413],[139.2981,35.83527],[139.3015,35.83406],[139.3036,35.82433],[139.3054,35.8226],[139.3136,35.8252],[139.31599,35.823],[139.3163,35.81893],[139.31599,35.8134],[139.3257,35.795],[139.3304,35.7936],[139.3333,35.7922],[139.33971,35.79446],[139.3437,35.79487],[139.3476,35.79587],[139.35181,35.79346],[139.3588,35.7924],[139.37019,35.7912],[139.369,35.78926],[139.3688,35.7872],[139.3681,35.78393],[139.3718,35.78027],[139.3718,35.77893],[139.3714,35.77827],[139.3718,35.7786],[139.37689,35.78013],[139.38,35.77773],[139.3815,35.77427],[139.3792,35.77106],[139.3812,35.766],[139.3873,35.7662],[139.39169,35.76686],[139.3916,35.7634],[139.39191,35.76327],[139.3963,35.76427],[139.3998,35.76693],[139.40401,35.76926],[139.4084,35.7688],[139.4165,35.7662],[139.4214,35.76747],[139.42599,35.76713],[139.433,35.7674],[139.43581,35.76733],[139.438,35.7694],[139.4408,35.76693],[139.4427,35.7668],[139.45061,35.7692],[139.4521,35.769],[139.4545,35.76947],[139.45731,35.76947],[139.4588,35.77167],[139.46451,35.77373],[139.47031,35.77373],[139.4736,35.77593],[139.47479,35.7756],[139.4753,35.777],[139.4816,35.78067],[139.48959,35.7796],[139.4899,35.78033],[139.4926,35.78],[139.49361,35.78153],[139.4951,35.78147],[139.4968,35.77873],[139.49699,35.77867],[139.4978,35.78113],[139.50771,35.78366],[139.5116,35.78507],[139.5137,35.788],[139.522,35.789],[139.52341,35.79187],[139.52519,35.79187],[139.5318,35.79753],[139.5416,35.8074],[139.5464,35.80393],[139.5463,35.79947],[139.5372,35.7916],[139.5425,35.78907],[139.54359,35.78167],[139.5361,35.77526],[139.5239,35.77187],[139.5161,35.76546],[139.52699,35.76833],[139.54491,35.7736],[139.54781,35.7738],[139.54539,35.75773],[139.5446,35.7548],[139.5472,35.75453],[139.5479,35.75367],[139.55321,35.75566],[139.5553,35.75713],[139.5578,35.75967],[139.56171,35.75967],[139.56281,35.76173],[139.5648,35.76253],[139.56689,35.7628],[139.571,35.7642],[139.5708,35.76546],[139.57449,35.767],[139.57491,35.76813],[139.577,35.76807],[139.5782,35.77093],[139.58209,35.7718],[139.5854,35.77533],[139.5887,35.7786],[139.5938,35.77733],[139.5941,35.77873],[139.59689,35.7784],[139.59711,35.7766],[139.6042,35.77433],[139.5974,35.77113],[139.5994,35.76953],[139.603,35.77106],[139.6055,35.77073],[139.60901,35.76953],[139.6114,35.77053],[139.612,35.76967],[139.61729,35.77047],[139.6178,35.76667],[139.6218,35.76673],[139.62489,35.7732],[139.62469,35.77947],[139.62981,35.78553],[139.6357,35.79066],[139.6398,35.79433],[139.6416,35.79807],[139.6472,35.79753],[139.6571,35.80053],[139.6759,35.79893],[139.6917,35.80067],[139.6969,35.79887],[139.6976,35.7984],[139.7095,35.79207],[139.72231,35.79066],[139.72501,35.78733],[139.73531,35.78967],[139.7384,35.7866],[139.73781,35.78053],[139.7464,35.78413],[139.7468,35.78687],[139.75349,35.78646],[139.75591,35.7896],[139.7605,35.79787],[139.75081,35.80773],[139.7505,35.80927],[139.7534,35.8106],[139.7554,35.81213],[139.7556,35.81273],[139.7612,35.8128],[139.7677,35.81753],[139.7728,35.81567],[139.78239,35.8072],[139.7961,35.8056],[139.8046,35.8088],[139.8156,35.80907],[139.821,35.81153],[139.82111,35.81507],[139.8251,35.81153],[139.82021,35.80207],[139.82159,35.79647],[139.82719,35.7936],[139.8342,35.79747],[139.83881,35.8008],[139.845,35.79847],[139.8468,35.79653],[139.8564,35.79093],[139.8588,35.79446],[139.8627,35.79473],[139.8718,35.79707],[139.8774,35.7938],[139.8718,35.78833],[139.8718,35.78447],[139.87669,35.78086],[139.8813,35.78207],[139.8891,35.78373],[139.8938,35.78273],[139.8933,35.7782],[139.88049,35.7712],[139.8808,35.76473],[139.8878,35.7534],[139.888,35.7532],[139.89,35.7508],[139.8904,35.7504],[139.8998,35.74373],[139.9001,35.7356],[139.89709,35.72667],[139.9014,35.72147],[139.91211,35.71127],[139.91611,35.70773],[139.9187,35.6978],[139.9059,35.68373],[139.8891,35.6806],[139.8858,35.6768],[139.88589,35.67113],[139.8866,35.66987],[139.88699,35.65387],[139.8821,35.644],[139.8755,35.64053],[139.87289,35.63853],[139.8718,35.63933],[139.86349,35.6384],[139.8497,35.64267],[139.84521,35.64298],[139.84109,35.64326],[139.84041,35.63387],[139.8214,35.632],[139.8213,35.63346],[139.83369,35.63473],[139.83459,35.64407],[139.80811,35.6408],[139.80649,35.64059],[139.80701,35.63693],[139.80017,35.63623],[139.80034,35.63101],[139.80066,35.63012],[139.8022,35.62627],[139.7986,35.62186],[139.79131,35.62947],[139.78729,35.6274],[139.77879,35.63747],[139.78149,35.63873],[139.78351,35.63613],[139.7981,35.6448],[139.79559,35.6498],[139.7932,35.65067],[139.7944,35.64746],[139.77921,35.63973],[139.7767,35.6422],[139.7925,35.65293],[139.78951,35.65693],[139.77271,35.646],[139.76959,35.64927],[139.77361,35.65267],[139.77231,35.65406],[139.7684,35.6504],[139.7673,35.65527],[139.7697,35.65427],[139.77071,35.65493],[139.7673,35.65813],[139.7645,35.65607],[139.7627,35.65213],[139.7616,35.6526],[139.759,35.64493],[139.76041,35.64493],[139.75951,35.63747],[139.75551,35.639],[139.75478,35.63884],[139.75262,35.63446],[139.75206,35.62618],[139.75162,35.62599],[139.75162,35.62626],[139.75098,35.62622],[139.75047,35.62543],[139.7504,35.62487],[139.75169,35.62467],[139.75082,35.60711],[139.75067,35.60587],[139.74788,35.6007],[139.74722,35.59208],[139.74637,35.59064],[139.74409,35.5894],[139.7468,35.5898],[139.7487,35.58653],[139.75211,35.57887],[139.75336,35.57572],[139.7562,35.56947],[139.7502,35.56733],[139.7543,35.5616],[139.7587,35.56433],[139.7632,35.56067],[139.7711,35.56887],[139.78551,35.57047],[139.8087,35.5384],[139.7946,35.53186],[139.78979,35.52667],[139.77631,35.5344],[139.75751,35.5442],[139.7468,35.54373],[139.74091,35.54547],[139.735,35.54127],[139.7274,35.54353],[139.7179,35.53813],[139.7034,35.53653],[139.7018,35.5372],[139.6978,35.54346],[139.7036,35.54933],[139.7025,35.55387],[139.6938,35.55647],[139.68111,35.56133],[139.6783,35.5634],[139.6678,35.58653],[139.6653,35.58893],[139.65511,35.59013],[139.6436,35.59787],[139.63161,35.60593],[139.6218,35.6118],[139.6192,35.61346],[139.6163,35.61353],[139.6127,35.61533],[139.6076,35.616],[139.6033,35.6166],[139.5966,35.61847],[139.5956,35.61833],[139.59019,35.6184],[139.5881,35.6194],[139.57851,35.62186],[139.5659,35.6272],[139.56599,35.62907],[139.562,35.63253],[139.5518,35.63407],[139.5486,35.6358],[139.53481,35.6402],[139.52541,35.64267],[139.5237,35.63953],[139.52071,35.6378],[139.5235,35.63313],[139.5184,35.6306],[139.5146,35.6248],[139.5112,35.624],[139.5098,35.62387],[139.5043,35.62307],[139.4968,35.61793],[139.4951,35.61747],[139.4968,35.61127],[139.4998,35.60627],[139.4968,35.6048],[139.4958,35.60527],[139.4904,35.60453],[139.48801,35.60747],[139.4834,35.60853],[139.48,35.613],[139.4771,35.613],[139.4762,35.61893],[139.46899,35.62027],[139.4641,35.62447],[139.463,35.62493],[139.461,35.62233],[139.45421,35.6182],[139.4493,35.6118],[139.4532,35.60493],[139.4565,35.6064],[139.4653,35.60913],[139.4666,35.60793],[139.4709,35.60173],[139.47591,35.59967],[139.4796,35.5956],[139.48019,35.59487],[139.4827,35.59493],[139.48309,35.59386],[139.48399,35.594],[139.4873,35.5902],[139.4919,35.58873],[139.4928,35.58907],[139.49429,35.58653],[139.4931,35.5842],[139.4968,35.58147],[139.5051,35.57507],[139.5072,35.57573],[139.5065,35.57146],[139.5024,35.57113],[139.50079,35.5688],[139.4968,35.56567],[139.4944,35.564],[139.48959,35.56153],[139.48599,35.56787],[139.48289,35.57127],[139.48621,35.5784],[139.4877,35.57833],[139.49001,35.58406],[139.48669,35.58467],[139.4837,35.58307],[139.479,35.58113],[139.4771,35.5816],[139.47321,35.57627],[139.4697,35.56966],[139.46899,35.5646],[139.4702,35.56067],[139.4738,35.55986],[139.47591,35.56193],[139.48041,35.55767],[139.48199,35.5502],[139.48019,35.54407],[139.48511,35.53673],[139.48669,35.53553],[139.48669,35.5296],[139.48621,35.5208],[139.4848,35.51987],[139.47771,35.51213],[139.47881,35.5088],[139.485,35.50386],[139.4816,35.5032],[139.47701,35.5016],[139.4678,35.5022],[139.4682,35.5032],[139.4686,35.50493],[139.466,35.50893],[139.464,35.51573],[139.46159,35.51966],[139.45531,35.51993],[139.45601,35.524],[139.45801,35.52806],[139.448,35.53673],[139.4433,35.54273],[139.4408,35.5426],[139.43559,35.54626],[139.4325,35.5478],[139.4272,35.55233],[139.4236,35.55827],[139.4173,35.5618],[139.4101,35.57173],[139.40761,35.5758],[139.40289,35.57533],[139.39861,35.5844],[139.3947,35.58427],[139.3922,35.58546],[139.3907,35.5854],[139.39011,35.58653],[139.3895,35.5876],[139.3857,35.5882],[139.3795,35.58993],[139.37531,35.59413],[139.3718,35.5942],[139.3632,35.59893],[139.356,35.59913],[139.34669,35.60193],[139.3414,35.6048],[139.3307,35.60353],[139.3215,35.6058],[139.3138,35.6044],[139.3121,35.60433],[139.3046,35.6052],[139.30029,35.60607],[139.2968,35.609],[139.2925,35.6112],[139.2822,35.613],[139.26891,35.60926],[139.2673,35.6082],[139.2648,35.60233],[139.2587,35.60353],[139.2529,35.60187],[139.2468,35.6052],[139.2406,35.60627],[139.23601,35.61047],[139.23289,35.61267],[139.23039,35.61653],[139.2262,35.62253],[139.2204,35.62567],[139.22141,35.62853],[139.21581,35.6368],[139.2157,35.64606],[139.2066,35.65073],[139.2009,35.65247],[139.19479,35.65147],[139.1924,35.64846],[139.1842,35.64493],[139.1799,35.64553],[139.1757,35.649],[139.168,35.65113],[139.1674,35.65347],[139.1674,35.66167],[139.1617,35.66787],[139.1571,35.66633],[139.14861,35.66673],[139.14281,35.66987],[139.1369,35.67213],[139.131,35.6718],[139.1295,35.6742],[139.1218,35.67873],[139.11501,35.68407],[139.10851,35.6896],[139.10001,35.69207],[139.09241,35.69073],[139.0829,35.69473],[139.0741,35.69567],[139.0715,35.69667],[139.0661,35.6982],[139.06371,35.69993],[139.0545,35.704],[139.0499,35.70767],[139.0442,35.70933],[139.0323,35.7162],[139.0256,35.71933],[139.0201,35.72833],[139.0125,35.7388],[139.0119,35.739],[139.00529,35.74947],[139.0032,35.75033],[138.9968,35.75227],[138.99609,35.7532],[138.99449,35.75433],[138.99271,35.75707],[138.9837,35.76947],[138.98599,35.779],[138.9846,35.7846],[138.97881,35.78786],[138.97591,35.79213],[138.9733,35.79767],[138.9709,35.8038],[138.97189,35.81073],[138.9697,35.81573],[138.9697,35.83133],[138.96379,35.82933],[138.95329,35.83653],[138.9481,35.84167],[138.9483,35.84933],[138.944,35.85467]]],[[[139.8212,35.63413],[139.8204,35.63913],[139.823,35.6418],[139.8261,35.64273],[139.8248,35.63973],[139.8329,35.64046],[139.83279,35.63827],[139.8252,35.63753],[139.82561,35.63453],[139.8212,35.63413]]],[[[139.8578,35.6358],[139.8553,35.63687],[139.8503,35.63766],[139.8499,35.63927],[139.85049,35.64],[139.8584,35.63813],[139.85789,35.63586],[139.8578,35.6358]]],[[[139.867,35.6336],[139.8667,35.6338],[139.86101,35.636],[139.8622,35.6372],[139.86371,35.63713],[139.8676,35.6342],[139.867,35.6336]]],[[[139.76871,35.62646],[139.7767,35.63093],[139.7773,35.63147],[139.77748,35.63164],[139.77748,35.63182],[139.77718,35.63228],[139.77539,35.63466],[139.77489,35.63486],[139.77328,35.63402],[139.77267,35.63254],[139.77084,35.63305],[139.77139,35.63433],[139.7717,35.63445],[139.77571,35.63574],[139.77701,35.63604],[139.78191,35.62993],[139.7825,35.62927],[139.78493,35.62637],[139.7847,35.62586],[139.78107,35.62394],[139.78145,35.62329],[139.7926,35.60953],[139.78705,35.60209],[139.78549,35.60351],[139.77327,35.61848],[139.77438,35.61933],[139.77361,35.62027],[139.7713,35.61876],[139.77084,35.61852],[139.77058,35.61868],[139.76846,35.62115],[139.76765,35.62213],[139.76765,35.62589],[139.76871,35.62646]]],[[[139.75349,35.62407],[139.754,35.63094],[139.7552,35.6336],[139.7592,35.6336],[139.7594,35.628],[139.7594,35.61933],[139.7532,35.61893],[139.75349,35.62407]]],[[[139.83549,35.61246],[139.83231,35.61626],[139.8316,35.62107],[139.82741,35.6198],[139.8266,35.6302],[139.83231,35.63113],[139.83701,35.63113],[139.83929,35.63127],[139.83861,35.6142],[139.83549,35.61246]]],[[[139.79491,35.6138],[139.7852,35.62506],[139.7899,35.6276],[139.7966,35.61906],[139.7979,35.6178],[139.79491,35.6138]]],[[[139.7495,35.58887],[139.74921,35.59233],[139.7491,35.60073],[139.7518,35.60473],[139.75301,35.61773],[139.75751,35.617],[139.761,35.61513],[139.7635,35.60987],[139.7619,35.60907],[139.7728,35.5956],[139.7764,35.59067],[139.7751,35.58927],[139.7729,35.58653],[139.7691,35.58333],[139.7704,35.5812],[139.7758,35.58533],[139.77721,35.5852],[139.77859,35.5864],[139.787,35.5804],[139.78329,35.5772],[139.76672,35.5771],[139.76637,35.57849],[139.76695,35.57882],[139.76793,35.57876],[139.76918,35.57994],[139.76903,35.58027],[139.76884,35.58046],[139.76855,35.58069],[139.76782,35.58127],[139.76753,35.5813],[139.76402,35.57798],[139.76248,35.5771],[139.75591,35.5772],[139.7507,35.58653],[139.7495,35.58887]]],[[[139.7915,35.59385],[139.7901,35.59555],[139.79097,35.59719],[139.79399,35.60124],[139.79492,35.60158],[139.79895,35.60685],[139.81058,35.61315],[139.81915,35.60874],[139.7915,35.59385]]],[[[139.8132,35.58953],[139.8056,35.59946],[139.82021,35.60733],[139.8268,35.59693],[139.8132,35.58953]]],[[[139.80595,35.58558],[139.7948,35.59209],[139.79398,35.59155],[139.79343,35.59211],[139.79349,35.59285],[139.8038,35.59846],[139.8118,35.58873],[139.80595,35.58558]]],[[[139.76559,35.56487],[139.7585,35.56847],[139.75771,35.57426],[139.7644,35.57467],[139.7737,35.57453],[139.76559,35.56487]]],[[[139.4388,34.6786],[139.4313,34.6786],[139.42599,34.68193],[139.4238,34.68174],[139.4137,34.68087],[139.4109,34.68067],[139.4034,34.68227],[139.40021,34.68293],[139.3967,34.68327],[139.39481,34.68613],[139.392,34.68673],[139.3838,34.693],[139.37579,34.6964],[139.3718,34.69913],[139.3679,34.6996],[139.3595,34.70173],[139.3611,34.70893],[139.35291,34.718],[139.35291,34.7274],[139.35541,34.733],[139.3564,34.7408],[139.35429,34.74427],[139.3532,34.7498],[139.3499,34.7518],[139.35201,34.7516],[139.3519,34.7532],[139.3508,34.75554],[139.3488,34.7646],[139.3512,34.76707],[139.34981,34.77393],[139.35069,34.78393],[139.3535,34.78787],[139.3575,34.7922],[139.36031,34.7988],[139.3661,34.79673],[139.3718,34.79827],[139.37711,34.79407],[139.37981,34.79413],[139.3819,34.79167],[139.3889,34.78873],[139.3912,34.78933],[139.3996,34.78793],[139.40761,34.78633],[139.4119,34.787],[139.41319,34.7856],[139.4203,34.78107],[139.42171,34.7814],[139.43449,34.77033],[139.4389,34.76167],[139.4407,34.7532],[139.44411,34.74713],[139.4471,34.7456],[139.44839,34.73853],[139.4449,34.73473],[139.4455,34.72754],[139.44679,34.722],[139.4496,34.71533],[139.4464,34.71133],[139.4435,34.70393],[139.4492,34.69853],[139.44859,34.69467],[139.4455,34.68946],[139.44501,34.68473],[139.4399,34.6852],[139.4393,34.68687],[139.43671,34.6882],[139.4402,34.6828],[139.4388,34.6786]]],[[[139.2753,34.51114],[139.26849,34.51653],[139.26849,34.52707],[139.2753,34.53214],[139.27969,34.53207],[139.2803,34.53447],[139.28081,34.5344],[139.28059,34.53207],[139.2831,34.53207],[139.2841,34.532],[139.28821,34.53053],[139.29311,34.5242],[139.282,34.51247],[139.2753,34.51114]]],[[[139.2932,34.46967],[139.2903,34.4732],[139.2874,34.4774],[139.28909,34.4772],[139.29651,34.47334],[139.2989,34.47047],[139.2932,34.46967]]],[[[139.27251,34.32993],[139.2574,34.33653],[139.2541,34.3386],[139.2468,34.34587],[139.24471,34.3476],[139.2451,34.35373],[139.2426,34.36227],[139.2438,34.368],[139.244,34.3676],[139.2468,34.36873],[139.25529,34.38353],[139.2558,34.39513],[139.2554,34.39987],[139.26559,34.40726],[139.26801,34.4146],[139.2719,34.41667],[139.274,34.4166],[139.2748,34.41527],[139.28059,34.41986],[139.2813,34.42307],[139.2785,34.43093],[139.28101,34.4306],[139.2852,34.4288],[139.29021,34.4244],[139.29111,34.41986],[139.2912,34.41933],[139.28641,34.41314],[139.291,34.40833],[139.29041,34.407],[139.2899,34.40267],[139.2852,34.39993],[139.27769,34.3888],[139.2765,34.34953],[139.27271,34.33653],[139.27251,34.32993]]],[[[139.22701,34.3672],[139.22749,34.3696],[139.2234,34.37507],[139.22661,34.37433],[139.2285,34.37313],[139.2287,34.36773],[139.22701,34.3672]]],[[[139.21069,34.33673],[139.20959,34.33713],[139.2097,34.33767],[139.2119,34.33754],[139.21069,34.33673]]],[[[139.21339,34.31627],[139.21089,34.31753],[139.2085,34.31733],[139.2072,34.32053],[139.2048,34.3212],[139.2036,34.32047],[139.20151,34.31627],[139.1971,34.317],[139.19701,34.31707],[139.19569,34.31793],[139.1949,34.32113],[139.20061,34.32533],[139.20041,34.32887],[139.20419,34.32687],[139.205,34.32873],[139.2054,34.32807],[139.20641,34.3298],[139.20779,34.32973],[139.2072,34.33467],[139.20731,34.33567],[139.2088,34.3348],[139.2104,34.3364],[139.21201,34.33653],[139.2128,34.33653],[139.2144,34.33487],[139.2144,34.33293],[139.2157,34.33327],[139.22141,34.3318],[139.2226,34.3304],[139.22369,34.3306],[139.2258,34.3304],[139.2265,34.32687],[139.2245,34.32367],[139.22321,34.32353],[139.22279,34.3218],[139.22121,34.3226],[139.2191,34.32027],[139.2175,34.31733],[139.2159,34.31753],[139.2149,34.3178],[139.21339,34.31627]]],[[[139.27831,34.32433],[139.2753,34.32533],[139.27701,34.32747],[139.28011,34.32547],[139.27831,34.32433]]],[[[139.129,34.18507],[139.1284,34.1854],[139.1266,34.187],[139.12511,34.18907],[139.1234,34.18867],[139.1218,34.18853],[139.12041,34.18973],[139.12041,34.18993],[139.12019,34.19147],[139.12,34.19213],[139.1218,34.19907],[139.1299,34.20127],[139.13139,34.20133],[139.1331,34.20353],[139.1304,34.21533],[139.1338,34.21693],[139.12981,34.22007],[139.1284,34.222],[139.1324,34.2236],[139.13631,34.22493],[139.1349,34.2338],[139.1358,34.23707],[139.1369,34.24073],[139.1416,34.24347],[139.14661,34.24153],[139.15179,34.23953],[139.155,34.23953],[139.1694,34.232],[139.1723,34.22047],[139.175,34.21687],[139.17419,34.21513],[139.17441,34.2104],[139.1754,34.205],[139.1716,34.2046],[139.1689,34.20833],[139.16141,34.206],[139.1539,34.2018],[139.15491,34.19873],[139.15601,34.19547],[139.1534,34.19433],[139.1525,34.19307],[139.14799,34.1966],[139.146,34.188],[139.14391,34.18793],[139.1427,34.1862],[139.1414,34.18707],[139.1386,34.18547],[139.13741,34.1856],[139.1337,34.18627],[139.13271,34.1858],[139.129,34.18507]]],[[[139.19211,34.20653],[139.18941,34.20787],[139.19141,34.20893],[139.19299,34.2082],[139.19211,34.20653]]],[[[139.07291,34.18307],[139.0735,34.18533],[139.076,34.18373],[139.0755,34.18367],[139.07291,34.18307]]],[[[139.50211,34.0454],[139.4968,34.04787],[139.4938,34.04833],[139.48871,34.05167],[139.4826,34.0512],[139.4798,34.057],[139.47791,34.06313],[139.48019,34.0662],[139.48019,34.0674],[139.4792,34.06633],[139.479,34.06807],[139.4799,34.0684],[139.47701,34.07253],[139.4736,34.07593],[139.4731,34.07653],[139.4819,34.08313],[139.4814,34.08587],[139.48109,34.08653],[139.48199,34.0876],[139.48531,34.09273],[139.4882,34.09673],[139.4897,34.10027],[139.4939,34.10313],[139.49001,34.11127],[139.49139,34.1172],[139.4968,34.11993],[139.4982,34.1214],[139.5056,34.12213],[139.5119,34.12013],[139.52029,34.12447],[139.5235,34.12433],[139.5267,34.1244],[139.536,34.12347],[139.5388,34.12367],[139.5472,34.11847],[139.5491,34.1166],[139.5585,34.11127],[139.5649,34.10213],[139.5656,34.09253],[139.5618,34.08653],[139.56151,34.0826],[139.5648,34.07986],[139.5638,34.0792],[139.56241,34.06847],[139.55769,34.06433],[139.5538,34.06047],[139.54601,34.0572],[139.5425,34.0558],[139.5396,34.05433],[139.5356,34.0528],[139.534,34.05027],[139.53191,34.04827],[139.5322,34.04747],[139.5294,34.04633],[139.5257,34.049],[139.52229,34.04707],[139.51471,34.04813],[139.5087,34.047],[139.50211,34.0454]]],[[[139.6208,33.852],[139.6131,33.8524],[139.59421,33.85434],[139.5822,33.85793],[139.5778,33.86247],[139.5773,33.88047],[139.5905,33.8968],[139.6002,33.90073],[139.60561,33.90067],[139.6167,33.89253],[139.6218,33.8876],[139.6321,33.8698],[139.6218,33.85307],[139.6208,33.852]]],[[[139.8322,33.04607],[139.8175,33.0588],[139.8147,33.05793],[139.8141,33.05847],[139.8102,33.0582],[139.8055,33.05993],[139.8027,33.063],[139.7979,33.06213],[139.795,33.06367],[139.7865,33.06827],[139.7811,33.07247],[139.7796,33.08653],[139.77991,33.0872],[139.77721,33.09727],[139.7775,33.09953],[139.776,33.0988],[139.77341,33.09793],[139.7713,33.09847],[139.7713,33.09967],[139.77031,33.09907],[139.76891,33.10033],[139.7598,33.10207],[139.75481,33.1044],[139.7523,33.11193],[139.7468,33.1192],[139.74651,33.11933],[139.7401,33.13053],[139.73911,33.14547],[139.7435,33.153],[139.7468,33.15513],[139.7468,33.15567],[139.7468,33.15593],[139.7576,33.1588],[139.76491,33.15787],[139.76759,33.158],[139.77139,33.158],[139.7731,33.1572],[139.7809,33.1512],[139.7951,33.14193],[139.7982,33.13387],[139.8046,33.1318],[139.80521,33.13053],[139.8026,33.13187],[139.8056,33.12927],[139.8064,33.13133],[139.8069,33.13113],[139.81329,33.12793],[139.8175,33.12247],[139.8196,33.12267],[139.8179,33.12173],[139.8177,33.1196],[139.8196,33.11973],[139.82761,33.11713],[139.8335,33.1174],[139.8419,33.11626],[139.84641,33.1164],[139.8494,33.10927],[139.8567,33.0994],[139.85451,33.09353],[139.8577,33.08653],[139.8588,33.08527],[139.85811,33.07846],[139.8506,33.0774],[139.84599,33.076],[139.84041,33.07527],[139.83971,33.073],[139.8335,33.0656],[139.83391,33.05687],[139.83681,33.0506],[139.8351,33.0474],[139.8322,33.04607]]],[[[139.6994,33.11573],[139.69769,33.11653],[139.6897,33.11647],[139.686,33.11673],[139.6767,33.12933],[139.6757,33.13247],[139.6761,33.1356],[139.6783,33.13447],[139.6834,33.1362],[139.68539,33.1362],[139.68829,33.13273],[139.696,33.12847],[139.7,33.118],[139.6994,33.11573]]],[[[139.7692,32.442],[139.7614,32.44507],[139.75571,32.44853],[139.75461,32.46893],[139.75771,32.47234],[139.7697,32.46787],[139.7778,32.45993],[139.7798,32.4576],[139.7805,32.44807],[139.7692,32.442]]],[[[140.05172,31.43784],[140.05053,31.43791],[140.05032,31.4381],[140.05022,31.43964],[140.05003,31.44004],[140.05032,31.43997],[140.05093,31.44017],[140.05102,31.4395],[140.05132,31.43837],[140.05172,31.43817],[140.05172,31.43784]]],[[[140.2986,30.47233],[140.2874,30.48207],[140.2865,30.48267],[140.29201,30.4916],[140.2981,30.49407],[140.3026,30.4954],[140.3045,30.49547],[140.31151,30.4904],[140.31419,30.48553],[140.31,30.47513],[140.2986,30.47233]]],[[[140.34214,29.79279],[140.34153,29.79281],[140.34125,29.79304],[140.34141,29.79343],[140.34188,29.79376],[140.34253,29.79392],[140.34273,29.79373],[140.34274,29.79319],[140.34214,29.79279]]],[[[142.10271,27.7152],[142.0985,27.71733],[142.0977,27.7178],[142.0974,27.71933],[142.1012,27.7174],[142.10271,27.7152]]],[[[142.1095,27.71533],[142.108,27.7156],[142.1071,27.71693],[142.1091,27.71693],[142.1096,27.716],[142.1095,27.71533]]],[[[142.1461,27.66987],[142.1449,27.66987],[142.14079,27.6712],[142.1402,27.67153],[142.1391,27.67273],[142.1387,27.6768],[142.1351,27.6802],[142.13321,27.67927],[142.1315,27.678],[142.12871,27.68073],[142.1268,27.68273],[142.1246,27.68247],[142.12511,27.68513],[142.1297,27.68773],[142.1319,27.68773],[142.13251,27.68533],[142.13541,27.68593],[142.1384,27.68487],[142.14,27.6876],[142.1425,27.68713],[142.1472,27.68367],[142.14841,27.67393],[142.1461,27.66987]]],[[[142.1264,27.67733],[142.1241,27.67793],[142.1257,27.6802],[142.1266,27.6778],[142.1264,27.67733]]],[[[142.159,27.65447],[142.1582,27.6548],[142.1566,27.65867],[142.1568,27.66273],[142.15871,27.6622],[142.159,27.65447]]],[[[142.1857,27.619],[142.1815,27.622],[142.17841,27.625],[142.1772,27.62313],[142.17599,27.62147],[142.17531,27.6224],[142.17281,27.62553],[142.1723,27.6264],[142.16969,27.63327],[142.172,27.6326],[142.174,27.63447],[142.17661,27.633],[142.1786,27.6306],[142.1832,27.62927],[142.1868,27.62167],[142.1857,27.619]]],[[[142.2128,27.48887],[142.2119,27.49287],[142.209,27.49413],[142.2061,27.4952],[142.205,27.4976],[142.205,27.4992],[142.2068,27.49907],[142.20801,27.49893],[142.2108,27.501],[142.2131,27.4976],[142.2135,27.4936],[142.21609,27.4902],[142.2149,27.48927],[142.2128,27.48887]]],[[[142.2067,27.486],[142.2058,27.48687],[142.2067,27.48853],[142.2088,27.48693],[142.2067,27.486]]],[[[140.87669,27.24353],[140.8726,27.24467],[140.8746,27.24893],[140.8791,27.24633],[140.87669,27.24353]]],[[[142.1951,27.19193],[142.194,27.19487],[142.1976,27.19453],[142.19701,27.1932],[142.1951,27.19193]]],[[[142.1888,27.144],[142.18361,27.1448],[142.1803,27.14613],[142.1812,27.14913],[142.1841,27.1488],[142.1852,27.15027],[142.18629,27.154],[142.18159,27.1562],[142.1828,27.157],[142.1842,27.161],[142.1848,27.16987],[142.1839,27.1706],[142.1877,27.17113],[142.1855,27.178],[142.1853,27.17873],[142.1873,27.1834],[142.18471,27.18647],[142.1884,27.18827],[142.189,27.187],[142.1947,27.18387],[142.1947,27.18213],[142.19611,27.1822],[142.1993,27.18233],[142.2,27.18187],[142.19749,27.1794],[142.1963,27.17853],[142.1955,27.17387],[142.198,27.16987],[142.198,27.16827],[142.20081,27.16833],[142.20151,27.1652],[142.1998,27.16153],[142.19839,27.15773],[142.1924,27.15],[142.1884,27.14947],[142.1888,27.144]]],[[[142.22,27.10813],[142.21049,27.10833],[142.2049,27.10927],[142.2016,27.10887],[142.20129,27.11053],[142.20219,27.11293],[142.205,27.11467],[142.2052,27.1176],[142.2021,27.11987],[142.1956,27.12227],[142.1913,27.12053],[142.18759,27.12027],[142.1889,27.12193],[142.19,27.12473],[142.18741,27.12993],[142.19231,27.13213],[142.19031,27.135],[142.1897,27.13787],[142.1904,27.14267],[142.19279,27.14253],[142.19501,27.1392],[142.19521,27.1374],[142.2003,27.1324],[142.20441,27.13313],[142.2058,27.1334],[142.205,27.12767],[142.2061,27.12807],[142.21651,27.13227],[142.2184,27.13213],[142.2186,27.12867],[142.2205,27.126],[142.22391,27.12267],[142.2258,27.1232],[142.2263,27.1188],[142.22659,27.11607],[142.229,27.1134],[142.2301,27.11373],[142.2318,27.11333],[142.2334,27.11333],[142.23489,27.11327],[142.23489,27.1094],[142.23401,27.10853],[142.2269,27.1094],[142.22121,27.10973],[142.22,27.10813]]],[[[142.18201,27.12633],[142.1776,27.12713],[142.1783,27.1282],[142.1796,27.1282],[142.18201,27.12633]]],[[[142.1638,27.11213],[142.1617,27.11307],[142.16499,27.1146],[142.1633,27.1202],[142.1656,27.11993],[142.1676,27.12033],[142.1696,27.1188],[142.1722,27.11573],[142.16631,27.1132],[142.1638,27.11213]]],[[[142.2207,27.03527],[142.22,27.03613],[142.2198,27.0382],[142.2189,27.0406],[142.215,27.03867],[142.2126,27.03907],[142.21159,27.0378],[142.2103,27.03793],[142.20911,27.03933],[142.20709,27.04187],[142.1992,27.04453],[142.1946,27.04073],[142.1879,27.04367],[142.1862,27.0402],[142.18471,27.042],[142.1855,27.04693],[142.18741,27.04693],[142.18939,27.05333],[142.1875,27.05507],[142.1882,27.06053],[142.19231,27.05827],[142.19389,27.05833],[142.19411,27.061],[142.1922,27.06353],[142.1931,27.06587],[142.18919,27.0674],[142.18759,27.0698],[142.183,27.0696],[142.18291,27.074],[142.18561,27.07307],[142.1868,27.0718],[142.1918,27.07427],[142.1947,27.0742],[142.19839,27.07433],[142.2019,27.07247],[142.20399,27.0726],[142.20551,27.07673],[142.2068,27.07987],[142.20731,27.08473],[142.2036,27.08414],[142.202,27.08653],[142.20219,27.0876],[142.20261,27.0946],[142.20351,27.09787],[142.20261,27.09747],[142.2009,27.09833],[142.1982,27.09707],[142.1946,27.09287],[142.19231,27.09233],[142.19231,27.08953],[142.188,27.08713],[142.1862,27.088],[142.1834,27.09187],[142.18201,27.0944],[142.1817,27.099],[142.1862,27.10427],[142.188,27.10427],[142.1924,27.1044],[142.19321,27.10333],[142.1967,27.10407],[142.2036,27.10453],[142.20689,27.1022],[142.2088,27.10227],[142.2108,27.10253],[142.2146,27.09967],[142.2179,27.09987],[142.2178,27.09927],[142.22,27.095],[142.2226,27.09227],[142.2243,27.08653],[142.2242,27.08613],[142.22501,27.08033],[142.228,27.08047],[142.2323,27.07733],[142.2318,27.071],[142.2321,27.06293],[142.2309,27.06007],[142.2316,27.05747],[142.2373,27.053],[142.2365,27.05],[142.237,27.04853],[142.23351,27.0494],[142.2332,27.0504],[142.2292,27.05553],[142.2256,27.0532],[142.2224,27.05287],[142.2245,27.05087],[142.2261,27.04487],[142.2235,27.04513],[142.22411,27.04253],[142.22501,27.042],[142.2263,27.04047],[142.2253,27.03833],[142.2267,27.0384],[142.2299,27.03553],[142.2207,27.03527]]],[[[142.2468,27.08947],[142.2408,27.09413],[142.2455,27.09407],[142.2468,27.09413],[142.2468,27.09347],[142.2468,27.0932],[142.24789,27.091],[142.2468,27.08947]]],[[[142.1839,27.08533],[142.1826,27.08653],[142.18381,27.08653],[142.1839,27.08533]]],[[[142.17682,27.04316],[142.17652,27.0433],[142.17658,27.04357],[142.17718,27.04406],[142.1775,27.04395],[142.17808,27.04427],[142.17826,27.04471],[142.17875,27.04479],[142.17898,27.04473],[142.17869,27.04391],[142.17824,27.04354],[142.17783,27.04361],[142.17748,27.04333],[142.17682,27.04316]]],[[[142.17641,27.03067],[142.1732,27.03993],[142.1725,27.04273],[142.17329,27.04427],[142.1776,27.03393],[142.1763,27.03587],[142.17641,27.03067]]],[[[142.1218,26.71473],[142.1218,26.7156],[142.12219,26.71607],[142.1218,26.71473]]],[[[142.17891,26.60693],[142.17661,26.60827],[142.1738,26.607],[142.1777,26.61433],[142.1759,26.62047],[142.1748,26.62193],[142.1754,26.62347],[142.17,26.6308],[142.1622,26.629],[142.16119,26.63827],[142.1588,26.63767],[142.1552,26.6346],[142.15179,26.64473],[142.151,26.64653],[142.147,26.65053],[142.1476,26.65233],[142.14729,26.65507],[142.1449,26.65513],[142.1489,26.6612],[142.14751,26.66647],[142.1425,26.66507],[142.1422,26.66773],[142.1442,26.66987],[142.14481,26.67367],[142.14149,26.677],[142.13611,26.68193],[142.132,26.6866],[142.12849,26.6972],[142.12469,26.7038],[142.1218,26.70987],[142.1218,26.71013],[142.1245,26.7134],[142.1284,26.70967],[142.129,26.7084],[142.1293,26.7068],[142.1319,26.7016],[142.1337,26.6988],[142.13521,26.69893],[142.1378,26.6988],[142.1391,26.6988],[142.1418,26.6974],[142.14259,26.69807],[142.1413,26.70733],[142.1434,26.70553],[142.14751,26.70653],[142.1501,26.7048],[142.151,26.7054],[142.15269,26.70527],[142.1543,26.70753],[142.15871,26.70267],[142.1613,26.70273],[142.1622,26.70193],[142.1637,26.70193],[142.164,26.6994],[142.16119,26.70013],[142.15311,26.6974],[142.151,26.69393],[142.14641,26.69313],[142.1465,26.68533],[142.1494,26.68267],[142.16029,26.68587],[142.1622,26.68593],[142.1636,26.68593],[142.1676,26.6888],[142.1666,26.68147],[142.162,26.67387],[142.16231,26.66987],[142.1635,26.662],[142.16679,26.65733],[142.1731,26.6552],[142.1749,26.6552],[142.1763,26.6552],[142.1812,26.656],[142.18181,26.6584],[142.1842,26.6584],[142.18629,26.6586],[142.18781,26.6586],[142.18831,26.655],[142.1861,26.65493],[142.1841,26.653],[142.18201,26.6524],[142.1757,26.65407],[142.174,26.6494],[142.1721,26.64293],[142.173,26.63607],[142.1776,26.63207],[142.1808,26.627],[142.1821,26.62133],[142.1824,26.611],[142.18021,26.60787],[142.17891,26.60693]]],[[[142.12871,26.59427],[142.1281,26.59687],[142.1252,26.59453],[142.1264,26.5992],[142.12399,26.60287],[142.1226,26.60273],[142.1248,26.60647],[142.1257,26.6082],[142.1281,26.60873],[142.1297,26.60833],[142.132,26.6094],[142.1351,26.59907],[142.13141,26.595],[142.12871,26.59427]]],[[[142.1479,26.58107],[142.14909,26.58473],[142.1505,26.58467],[142.1543,26.58653],[142.1552,26.58653],[142.1561,26.58653],[142.15891,26.58653],[142.1595,26.58653],[142.1597,26.5868],[142.1619,26.58653],[142.1613,26.585],[142.15891,26.58293],[142.1566,26.58313],[142.1516,26.5818],[142.1479,26.58107]]],[[[142.228,26.56273],[142.22659,26.56453],[142.2274,26.56727],[142.2269,26.56913],[142.2301,26.57393],[142.2332,26.57207],[142.2334,26.57153],[142.2382,26.56933],[142.2394,26.56687],[142.2328,26.5652],[142.228,26.56273]]],[[[142.1563,26.54233],[142.1524,26.5458],[142.15089,26.54733],[142.1525,26.54693],[142.1539,26.54793],[142.1539,26.55347],[142.15421,26.5546],[142.1526,26.558],[142.1519,26.56093],[142.1548,26.5638],[142.15601,26.56213],[142.16029,26.5604],[142.15939,26.5534],[142.161,26.54813],[142.15781,26.54527],[142.1563,26.54233]]],[[[142.2019,26.552],[142.20309,26.5572],[142.203,26.56093],[142.2043,26.5608],[142.20911,26.5628],[142.2113,26.5628],[142.21651,26.56213],[142.2178,26.56227],[142.2166,26.55913],[142.21381,26.55527],[142.2104,26.55467],[142.2061,26.55333],[142.2036,26.55293],[142.2019,26.552]]],[[[141.2782,25.41773],[141.2747,25.41987],[141.2728,25.42487],[141.2728,25.43973],[141.2816,25.44773],[141.287,25.4466],[141.29131,25.43867],[141.29311,25.4262],[141.2872,25.41987],[141.2782,25.41773]]],[[[141.2862,24.74515],[141.28581,24.74689],[141.2855,24.74995],[141.29211,24.76515],[141.29371,24.78022],[141.28951,24.78689],[141.28701,24.78562],[141.28591,24.78635],[141.2869,24.78952],[141.29761,24.79604],[141.3133,24.80382],[141.32031,24.80709],[141.3222,24.81162],[141.3245,24.81162],[141.32891,24.81169],[141.33851,24.80269],[141.34751,24.78222],[141.34371,24.77535],[141.3375,24.77102],[141.32591,24.77022],[141.31941,24.76695],[141.29771,24.75395],[141.29011,24.74689],[141.2862,24.74515]]],[[[153.9855,24.28088],[153.98247,24.28103],[153.97719,24.28314],[153.97056,24.28474],[153.97422,24.28817],[153.97804,24.29088],[153.98149,24.29475],[153.9825,24.29642],[153.9841,24.29768],[153.98518,24.29722],[153.98487,24.29457],[153.98527,24.29008],[153.98687,24.28232],[153.9855,24.28088]]],[[[141.4601,24.22516],[141.45693,24.22511],[141.4543,24.22616],[141.45345,24.22909],[141.45355,24.23271],[141.45359,24.23592],[141.4543,24.23916],[141.45527,24.24228],[141.45889,24.24503],[141.4619,24.24507],[141.4715,24.24183],[141.47288,24.24061],[141.47279,24.23796],[141.47188,24.2327],[141.46939,24.22789],[141.46509,24.2261],[141.4601,24.22516]]],[[[136.06983,20.42545],[136.0699,20.42541],[136.06995,20.42537],[136.06999,20.42531],[136.07001,20.42523],[136.06998,20.42514],[136.06994,20.42508],[136.06982,20.42501],[136.06967,20.42502],[136.06957,20.42512],[136.06955,20.42517],[136.06953,20.42529],[136.06956,20.42535],[136.06962,20.4254],[136.06967,20.42543],[136.0697,20.42544],[136.06976,20.42546],[136.06983,20.42545]]],[[[136.08121,20.42581],[136.08128,20.42577],[136.08133,20.42573],[136.08137,20.42568],[136.08137,20.42561],[136.08137,20.42553],[136.0813,20.42542],[136.0812,20.42538],[136.08105,20.42539],[136.08097,20.42544],[136.08095,20.42548],[136.08091,20.42557],[136.08092,20.42565],[136.08095,20.42571],[136.081,20.42577],[136.08104,20.4258],[136.08108,20.42581],[136.08114,20.42582],[136.08121,20.42581]]],[[[139.38315,34.04926],[139.38428,34.04943],[139.38506,34.04887],[139.38436,34.04778],[139.38347,34.0482],[139.38288,34.04895],[139.38315,34.04926]]],[[[138.83802,33.96314],[138.83812,33.96312],[138.83813,33.96297],[138.83813,33.96292],[138.83805,33.96292],[138.83792,33.96298],[138.83792,33.96303],[138.83798,33.96307],[138.83802,33.96314]]],[[[138.83579,33.96325],[138.83584,33.96325],[138.83587,33.9632],[138.83585,33.96315],[138.83582,33.96311],[138.83575,33.96315],[138.83574,33.96323],[138.83579,33.96325]]],[[[139.2988,33.65234],[139.29912,33.65234],[139.29936,33.65199],[139.29957,33.65144],[139.29932,33.65088],[139.29886,33.65064],[139.29875,33.65086],[139.29829,33.65177],[139.29833,33.65229],[139.2988,33.65234]]],[[[142.15696,27.69292],[142.15738,27.69278],[142.1582,27.69163],[142.15789,27.69122],[142.15678,27.69252],[142.15696,27.69292]]],[[[142.11539,27.74153],[142.11548,27.74158],[142.11558,27.74158],[142.1157,27.74147],[142.11574,27.74138],[142.11553,27.7413],[142.11547,27.74133],[142.11545,27.74139],[142.11539,27.74143],[142.11536,27.74151],[142.11539,27.74153]]],[[[142.11683,27.73729],[142.11689,27.73732],[142.11695,27.73732],[142.117,27.73731],[142.11701,27.73722],[142.11705,27.73721],[142.11705,27.73715],[142.11701,27.73711],[142.11698,27.73706],[142.11691,27.73706],[142.11683,27.73711],[142.11678,27.73715],[142.11679,27.73721],[142.11681,27.73723],[142.11683,27.73729]]],[[[142.2184,27.49623],[142.21927,27.49528],[142.21915,27.4928],[142.21817,27.49259],[142.21805,27.49406],[142.2184,27.49623]]],[[[141.28539,24.80725],[141.28745,24.80664],[141.2858,24.79717],[141.28416,24.79758],[141.28539,24.80725]]],[[[138.81534,33.94698],[138.81566,33.94685],[138.81584,33.94648],[138.81565,33.94636],[138.8153,33.94685],[138.81534,33.94698]]],[[[138.81651,33.94671],[138.81667,33.94661],[138.81696,33.94647],[138.81694,33.94632],[138.81672,33.9463],[138.81651,33.9464],[138.81638,33.94657],[138.81651,33.94671]]],[[[138.81737,33.94391],[138.81747,33.94391],[138.81758,33.94373],[138.81764,33.94342],[138.81747,33.94339],[138.81727,33.94351],[138.81737,33.94391]]],[[[138.81745,33.94327],[138.81757,33.94332],[138.81767,33.9433],[138.81771,33.94286],[138.81738,33.94288],[138.81745,33.94327]]],[[[139.91755,31.8869],[139.91769,31.8868],[139.91783,31.88653],[139.91772,31.88632],[139.91762,31.88637],[139.91753,31.88637],[139.91742,31.88652],[139.91732,31.88674],[139.91755,31.8869]]],[[[142.11213,27.74502],[142.11249,27.74491],[142.11223,27.74473],[142.11213,27.74502]]],[[[136.07368,20.42314],[136.07374,20.42321],[136.07384,20.42323],[136.07393,20.42324],[136.07403,20.42321],[136.07407,20.42314],[136.07413,20.42305],[136.07413,20.42296],[136.0741,20.42284],[136.07399,20.42278],[136.07389,20.42274],[136.07374,20.42278],[136.07367,20.42284],[136.07363,20.42294],[136.07361,20.42301],[136.07363,20.42307],[136.07368,20.42314]]]]}},{"type":"Feature","properties":{"name":"神奈川","nameJa":"神奈川県"},"geometry":{"type":"MultiPolygon","coordinates":[[[[139.131,35.6718],[139.1369,35.67213],[139.14281,35.66987],[139.14861,35.66673],[139.1571,35.66633],[139.1617,35.66787],[139.1674,35.66167],[139.1674,35.65347],[139.168,35.65113],[139.1757,35.649],[139.1799,35.64553],[139.1842,35.64493],[139.1924,35.64846],[139.19479,35.65147],[139.2009,35.65247],[139.2066,35.65073],[139.2157,35.64606],[139.21581,35.6368],[139.22141,35.62853],[139.2204,35.62567],[139.2262,35.62253],[139.23039,35.61653],[139.23289,35.61267],[139.23601,35.61047],[139.2406,35.60627],[139.2468,35.6052],[139.2529,35.60187],[139.2587,35.60353],[139.2648,35.60233],[139.2673,35.6082],[139.26891,35.60926],[139.2822,35.613],[139.2925,35.6112],[139.2968,35.609],[139.30029,35.60607],[139.3046,35.6052],[139.3121,35.60433],[139.3138,35.6044],[139.3215,35.6058],[139.3307,35.60353],[139.3414,35.6048],[139.34669,35.60193],[139.356,35.59913],[139.3632,35.59893],[139.3718,35.5942],[139.37531,35.59413],[139.3795,35.58993],[139.3857,35.5882],[139.3895,35.5876],[139.39011,35.58653],[139.3907,35.5854],[139.3922,35.58546],[139.3947,35.58427],[139.39861,35.5844],[139.40289,35.57533],[139.40761,35.5758],[139.4101,35.57173],[139.4173,35.5618],[139.4236,35.55827],[139.4272,35.55233],[139.4325,35.5478],[139.43559,35.54626],[139.4408,35.5426],[139.4433,35.54273],[139.448,35.53673],[139.45801,35.52806],[139.45601,35.524],[139.45531,35.51993],[139.46159,35.51966],[139.464,35.51573],[139.466,35.50893],[139.4686,35.50493],[139.4682,35.5032],[139.4678,35.5022],[139.47701,35.5016],[139.4816,35.5032],[139.485,35.50386],[139.47881,35.5088],[139.47771,35.51213],[139.4848,35.51987],[139.48621,35.5208],[139.48669,35.5296],[139.48669,35.53553],[139.48511,35.53673],[139.48019,35.54407],[139.48199,35.5502],[139.48041,35.55767],[139.47591,35.56193],[139.4738,35.55986],[139.4702,35.56067],[139.46899,35.5646],[139.4697,35.56966],[139.47321,35.57627],[139.4771,35.5816],[139.479,35.58113],[139.4837,35.58307],[139.48669,35.58467],[139.49001,35.58406],[139.4877,35.57833],[139.48621,35.5784],[139.48289,35.57127],[139.48599,35.56787],[139.48959,35.56153],[139.4944,35.564],[139.4968,35.56567],[139.50079,35.5688],[139.5024,35.57113],[139.5065,35.57146],[139.5072,35.57573],[139.5051,35.57507],[139.4968,35.58147],[139.4931,35.5842],[139.49429,35.58653],[139.4928,35.58907],[139.4919,35.58873],[139.4873,35.5902],[139.48399,35.594],[139.48309,35.59386],[139.4827,35.59493],[139.48019,35.59487],[139.4796,35.5956],[139.47591,35.59967],[139.4709,35.60173],[139.4666,35.60793],[139.4653,35.60913],[139.4565,35.6064],[139.4532,35.60493],[139.4493,35.6118],[139.45421,35.6182],[139.461,35.62233],[139.463,35.62493],[139.4641,35.62447],[139.46899,35.62027],[139.4762,35.61893],[139.4771,35.613],[139.48,35.613],[139.4834,35.60853],[139.48801,35.60747],[139.4904,35.60453],[139.4958,35.60527],[139.4968,35.6048],[139.4998,35.60627],[139.4968,35.61127],[139.4951,35.61747],[139.4968,35.61793],[139.5043,35.62307],[139.5098,35.62387],[139.5112,35.624],[139.5146,35.6248],[139.5184,35.6306],[139.5235,35.63313],[139.52071,35.6378],[139.5237,35.63953],[139.52541,35.64267],[139.53481,35.6402],[139.5486,35.6358],[139.5518,35.63407],[139.562,35.63253],[139.56599,35.62907],[139.5659,35.6272],[139.57851,35.62186],[139.5881,35.6194],[139.59019,35.6184],[139.5956,35.61833],[139.5966,35.61847],[139.6033,35.6166],[139.6076,35.616],[139.6127,35.61533],[139.6163,35.61353],[139.6192,35.61346],[139.6218,35.6118],[139.63161,35.60593],[139.6436,35.59787],[139.65511,35.59013],[139.6653,35.58893],[139.6678,35.58653],[139.6783,35.5634],[139.68111,35.56133],[139.6938,35.55647],[139.7025,35.55387],[139.7036,35.54933],[139.6978,35.54346],[139.7018,35.5372],[139.7034,35.53653],[139.7179,35.53813],[139.7274,35.54353],[139.735,35.54127],[139.74091,35.54547],[139.7468,35.54373],[139.75751,35.5442],[139.77631,35.5344],[139.78979,35.52667],[139.7876,35.5244],[139.7885,35.52127],[139.7963,35.5186],[139.79163,35.5134],[139.79424,35.51178],[139.79077,35.50776],[139.78799,35.509],[139.78011,35.51313],[139.77631,35.50953],[139.77231,35.51227],[139.7747,35.51467],[139.7735,35.51553],[139.771,35.5132],[139.7664,35.52053],[139.769,35.52287],[139.76781,35.5238],[139.76559,35.522],[139.761,35.5302],[139.75639,35.53033],[139.752,35.53307],[139.7511,35.5308],[139.7538,35.53133],[139.7558,35.5278],[139.7522,35.52453],[139.7531,35.5234],[139.757,35.5266],[139.7589,35.52633],[139.76601,35.51347],[139.76491,35.5116],[139.75391,35.50853],[139.7518,35.50947],[139.7485,35.51826],[139.75101,35.52153],[139.7514,35.52367],[139.7468,35.5196],[139.7459,35.51893],[139.744,35.5208],[139.74361,35.52047],[139.7453,35.51873],[139.73801,35.51467],[139.7388,35.5134],[139.7451,35.516],[139.7468,35.51467],[139.7493,35.50846],[139.7468,35.50593],[139.7399,35.5032],[139.7339,35.50047],[139.7332,35.5032],[139.7327,35.5118],[139.7375,35.51327],[139.7375,35.51393],[139.7327,35.51307],[139.7319,35.51553],[139.72501,35.51693],[139.7249,35.51633],[139.73039,35.51487],[139.73039,35.5122],[139.72321,35.50967],[139.7235,35.50833],[139.729,35.51086],[139.731,35.5032],[139.7318,35.49953],[139.72031,35.49427],[139.7142,35.5032],[139.7229,35.50793],[139.72279,35.50827],[139.71161,35.5032],[139.71811,35.49353],[139.7114,35.4906],[139.6963,35.48387],[139.69501,35.48687],[139.6965,35.4888],[139.698,35.4908],[139.6945,35.48933],[139.6931,35.49233],[139.69031,35.4914],[139.69,35.49133],[139.68851,35.4952],[139.68829,35.4912],[139.6929,35.48247],[139.6897,35.4788],[139.68649,35.47973],[139.68179,35.4782],[139.6819,35.4732],[139.6768,35.47147],[139.6756,35.47026],[139.6684,35.4678],[139.668,35.4736],[139.6731,35.475],[139.67081,35.478],[139.64481,35.4758],[139.64149,35.4728],[139.63815,35.46526],[139.63409,35.4654],[139.6328,35.46613],[139.63216,35.46595],[139.63351,35.46311],[139.63362,35.46303],[139.63437,35.46304],[139.63477,35.46375],[139.63847,35.46378],[139.63885,35.4629],[139.63809,35.4573],[139.63515,35.45592],[139.63271,35.4522],[139.63271,35.452],[139.6344,35.4522],[139.63609,35.45213],[139.6422,35.44967],[139.64584,35.45008],[139.64882,35.45375],[139.6498,35.45322],[139.6456,35.44813],[139.65179,35.44513],[139.6572,35.4512],[139.6586,35.45053],[139.6573,35.44886],[139.66055,35.44761],[139.6617,35.4472],[139.6644,35.45007],[139.66591,35.44933],[139.6636,35.4466],[139.657,35.4442],[139.66029,35.4412],[139.66418,35.44276],[139.66867,35.44851],[139.67039,35.45127],[139.6743,35.4496],[139.66855,35.4401],[139.66901,35.43924],[139.66989,35.43888],[139.67119,35.43883],[139.67529,35.4456],[139.67731,35.44473],[139.67638,35.44331],[139.6813,35.44113],[139.67551,35.43147],[139.67821,35.43033],[139.6855,35.44193],[139.6907,35.4392],[139.68561,35.4266],[139.6814,35.42627],[139.68094,35.42621],[139.6815,35.4244],[139.68156,35.4227],[139.68069,35.42187],[139.67972,35.42189],[139.6769,35.42403],[139.6761,35.42333],[139.67993,35.41866],[139.6781,35.41607],[139.67999,35.41547],[139.6804,35.4154],[139.6795,35.41067],[139.66971,35.40273],[139.66815,35.40333],[139.66699,35.40427],[139.6689,35.4064],[139.66591,35.40847],[139.66321,35.4064],[139.6526,35.4128],[139.6425,35.41153],[139.6335,35.40826],[139.63181,35.41053],[139.62779,35.409],[139.6308,35.40487],[139.6403,35.4064],[139.6418,35.40689],[139.6449,35.4054],[139.64549,35.40287],[139.64343,35.40175],[139.64175,35.40147],[139.64157,35.40209],[139.63451,35.40067],[139.63208,35.40033],[139.62959,35.40128],[139.6261,35.40153],[139.6221,35.396],[139.6221,35.3954],[139.62453,35.39168],[139.62994,35.39396],[139.63251,35.39336],[139.63551,35.3922],[139.6366,35.3902],[139.6275,35.38613],[139.6295,35.3838],[139.632,35.38227],[139.63991,35.3854],[139.64571,35.3904],[139.6534,35.38727],[139.64931,35.38373],[139.6512,35.38267],[139.64909,35.3816],[139.64571,35.378],[139.64549,35.3778],[139.6505,35.37293],[139.6535,35.37453],[139.65651,35.37267],[139.6566,35.36633],[139.65089,35.36626],[139.651,35.35973],[139.6548,35.35353],[139.65669,35.3536],[139.657,35.3416],[139.6438,35.33953],[139.6394,35.34047],[139.63429,35.33653],[139.6349,35.33553],[139.6351,35.33267],[139.6295,35.3296],[139.6225,35.332],[139.63181,35.32533],[139.63181,35.3232],[139.634,35.32193],[139.63831,35.3266],[139.6337,35.323],[139.6302,35.32827],[139.6339,35.331],[139.63831,35.32673],[139.6409,35.3304],[139.6492,35.32747],[139.6608,35.32813],[139.6613,35.3222],[139.6519,35.3216],[139.649,35.31827],[139.65131,35.3156],[139.6483,35.31267],[139.6469,35.3134],[139.645,35.3114],[139.6436,35.30773],[139.6371,35.31167],[139.6413,35.306],[139.6409,35.30307],[139.64011,35.3034],[139.63921,35.302],[139.63741,35.3004],[139.6367,35.30193],[139.6364,35.30107],[139.63341,35.30187],[139.6313,35.30013],[139.6348,35.29827],[139.634,35.29507],[139.63499,35.29553],[139.6395,35.295],[139.6425,35.29913],[139.64349,35.29833],[139.64861,35.29307],[139.6472,35.2924],[139.6487,35.29127],[139.6497,35.288],[139.6517,35.28807],[139.65471,35.28473],[139.6606,35.28313],[139.66231,35.28413],[139.66121,35.28507],[139.6608,35.28707],[139.65761,35.29007],[139.6601,35.2914],[139.65941,35.29267],[139.65961,35.29267],[139.6602,35.29166],[139.66161,35.29166],[139.664,35.28987],[139.66479,35.293],[139.6638,35.29533],[139.66141,35.2998],[139.6646,35.301],[139.6718,35.30093],[139.68021,35.29473],[139.67731,35.2938],[139.6805,35.2902],[139.6723,35.28833],[139.6721,35.2866],[139.67419,35.28687],[139.6743,35.28427],[139.6781,35.28533],[139.67731,35.28],[139.6794,35.27853],[139.6804,35.27934],[139.68581,35.27533],[139.6857,35.27293],[139.6869,35.27053],[139.6891,35.27087],[139.69099,35.26727],[139.69681,35.26473],[139.7216,35.2632],[139.7231,35.2632],[139.7281,35.2654],[139.7298,35.26527],[139.7312,35.2656],[139.7325,35.2656],[139.7312,35.26407],[139.7325,35.262],[139.73489,35.26227],[139.7382,35.2618],[139.74071,35.2588],[139.7437,35.25907],[139.7466,35.2532],[139.7422,35.2512],[139.7377,35.24847],[139.7352,35.24854],[139.7332,35.24093],[139.7272,35.23953],[139.7271,35.24193],[139.72459,35.24],[139.72369,35.24],[139.71761,35.24713],[139.7197,35.24087],[139.7236,35.2348],[139.7253,35.2348],[139.7294,35.23253],[139.72951,35.2292],[139.72861,35.22367],[139.72681,35.22447],[139.7226,35.22413],[139.7218,35.22627],[139.7191,35.22766],[139.7153,35.2266],[139.71381,35.22153],[139.71471,35.2198],[139.7175,35.22087],[139.71541,35.2176],[139.71761,35.2182],[139.72279,35.21813],[139.72501,35.21187],[139.7179,35.21093],[139.7164,35.21087],[139.6992,35.20987],[139.6852,35.20654],[139.66499,35.1928],[139.65651,35.185],[139.65511,35.17473],[139.65829,35.1718],[139.6597,35.16987],[139.66,35.16767],[139.66431,35.1584],[139.6669,35.1604],[139.6669,35.15787],[139.6683,35.15747],[139.6696,35.15747],[139.67529,35.15733],[139.6778,35.15753],[139.681,35.15154],[139.6799,35.1492],[139.6814,35.1462],[139.6772,35.14547],[139.6777,35.14313],[139.67841,35.1406],[139.67799,35.13933],[139.6732,35.14133],[139.672,35.14133],[139.67149,35.13873],[139.66879,35.14167],[139.6671,35.1464],[139.66451,35.14473],[139.6619,35.14493],[139.66451,35.14307],[139.6633,35.13967],[139.66071,35.13973],[139.65891,35.13913],[139.65761,35.13787],[139.6537,35.13927],[139.6517,35.14127],[139.6496,35.14193],[139.6503,35.13973],[139.6481,35.1386],[139.644,35.1382],[139.64059,35.1384],[139.6404,35.14007],[139.6375,35.14147],[139.6297,35.13887],[139.6308,35.13647],[139.62801,35.13747],[139.6218,35.139],[139.6218,35.13973],[139.62309,35.14207],[139.6218,35.14133],[139.62,35.13933],[139.6178,35.13887],[139.6179,35.14074],[139.6151,35.13894],[139.6153,35.141],[139.6138,35.14],[139.6134,35.14153],[139.6109,35.141],[139.6118,35.1436],[139.6147,35.14533],[139.6142,35.14607],[139.6158,35.14753],[139.6145,35.1484],[139.61551,35.15033],[139.61459,35.1502],[139.6134,35.1514],[139.61211,35.15107],[139.6104,35.15253],[139.60699,35.15434],[139.60921,35.15587],[139.6097,35.15453],[139.6102,35.15547],[139.61121,35.1548],[139.61771,35.15467],[139.6196,35.15533],[139.61551,35.15687],[139.6153,35.158],[139.6167,35.1582],[139.61819,35.1584],[139.61551,35.15993],[139.6122,35.15787],[139.6107,35.16293],[139.61591,35.1618],[139.6171,35.16173],[139.6187,35.16253],[139.6218,35.16327],[139.625,35.16187],[139.6268,35.1628],[139.6265,35.16307],[139.6255,35.1644],[139.6218,35.1654],[139.61819,35.16594],[139.61659,35.16987],[139.61659,35.17173],[139.6185,35.1716],[139.62,35.1748],[139.61411,35.18327],[139.6154,35.1832],[139.61951,35.18333],[139.618,35.185],[139.6169,35.18554],[139.61591,35.18987],[139.6105,35.1902],[139.6089,35.19114],[139.60941,35.1938],[139.6077,35.19407],[139.6059,35.19447],[139.60291,35.19367],[139.6013,35.19413],[139.6004,35.1936],[139.59979,35.1948],[139.60071,35.19727],[139.60339,35.19787],[139.60561,35.1994],[139.60451,35.20313],[139.60699,35.20573],[139.60809,35.20593],[139.6095,35.2056],[139.6115,35.20787],[139.6093,35.20953],[139.6091,35.21027],[139.6203,35.20727],[139.6218,35.20727],[139.623,35.20747],[139.6275,35.21547],[139.6237,35.21687],[139.6237,35.21753],[139.6218,35.21973],[139.6216,35.221],[139.62019,35.22053],[139.61299,35.2228],[139.6086,35.2228],[139.608,35.22307],[139.605,35.22293],[139.6037,35.22427],[139.6035,35.23027],[139.6002,35.23467],[139.6001,35.238],[139.59641,35.24033],[139.59689,35.241],[139.5929,35.24467],[139.5923,35.24633],[139.5811,35.2532],[139.5795,35.2532],[139.57671,35.25293],[139.5764,35.2532],[139.5769,35.25367],[139.5797,35.2554],[139.5759,35.2604],[139.5757,35.26427],[139.5676,35.26687],[139.5705,35.26913],[139.5688,35.27213],[139.57069,35.27353],[139.5676,35.28473],[139.5687,35.2848],[139.57001,35.2848],[139.57089,35.287],[139.57249,35.28687],[139.5735,35.289],[139.56931,35.29367],[139.55881,35.29166],[139.5569,35.296],[139.55211,35.29447],[139.55231,35.2994],[139.55231,35.3016],[139.54491,35.30813],[139.53551,35.3088],[139.5323,35.30453],[139.5253,35.30167],[139.4968,35.3064],[139.49249,35.3058],[139.4922,35.30653],[139.4886,35.30787],[139.4868,35.30747],[139.4818,35.3028],[139.48531,35.2986],[139.4855,35.2984],[139.4843,35.29773],[139.4783,35.29813],[139.47771,35.29753],[139.4742,35.29893],[139.47881,35.30133],[139.48129,35.30487],[139.4765,35.31153],[139.4673,35.3152],[139.438,35.31887],[139.4196,35.31727],[139.4081,35.31767],[139.3954,35.31614],[139.3739,35.31487],[139.3718,35.31453],[139.3614,35.31473],[139.33009,35.31213],[139.3194,35.3088],[139.31801,35.30607],[139.31841,35.3052],[139.31419,35.3058],[139.2693,35.29727],[139.2468,35.29153],[139.2341,35.2862],[139.2108,35.27806],[139.1897,35.26353],[139.1709,35.2532],[139.1499,35.23907],[139.14771,35.24067],[139.1476,35.23893],[139.14349,35.23273],[139.1429,35.2166],[139.1429,35.21013],[139.13969,35.20073],[139.1378,35.1926],[139.14011,35.18993],[139.13699,35.18487],[139.1373,35.1788],[139.1413,35.17467],[139.1441,35.16987],[139.1452,35.16867],[139.1402,35.16227],[139.1431,35.16013],[139.1451,35.1534],[139.1433,35.15373],[139.14191,35.15273],[139.1452,35.15147],[139.1496,35.147],[139.1562,35.14727],[139.159,35.14473],[139.161,35.141],[139.157,35.1418],[139.15511,35.14033],[139.1523,35.1414],[139.1514,35.14047],[139.1494,35.1432],[139.14529,35.14427],[139.1387,35.14827],[139.1375,35.14846],[139.1371,35.14853],[139.1326,35.15026],[139.1288,35.1498],[139.1218,35.14987],[139.1161,35.146],[139.1115,35.14133],[139.1024,35.14074],[139.086,35.14093],[139.0768,35.14453],[139.0672,35.14447],[139.05991,35.14633],[139.05341,35.1468],[139.0504,35.14853],[139.0437,35.14987],[139.0305,35.14973],[139.0287,35.1506],[139.03059,35.1578],[139.0273,35.15973],[139.0274,35.1616],[139.0287,35.1666],[139.02859,35.16987],[139.0276,35.1712],[139.02611,35.17553],[139.02341,35.178],[139.0215,35.18173],[139.01379,35.1822],[139.0118,35.1822],[139.0015,35.18973],[138.9968,35.1944],[138.9892,35.20066],[138.98759,35.2012],[138.9873,35.20847],[138.9872,35.21307],[138.98199,35.21947],[138.983,35.22353],[138.9789,35.2312],[138.9782,35.23467],[138.976,35.2356],[138.978,35.24],[138.97591,35.24493],[138.9747,35.2532],[138.9752,35.26173],[138.97971,35.2686],[138.9821,35.2726],[138.9931,35.28487],[138.9968,35.288],[139.00481,35.28967],[139.00569,35.294],[139.0101,35.31133],[139.0126,35.3184],[139.0146,35.32047],[139.01869,35.3298],[139.0123,35.33653],[139.0118,35.33733],[139.0107,35.3422],[139.00861,35.3498],[139.0132,35.3584],[139.0085,35.35953],[139.00569,35.37433],[138.9994,35.3818],[139.00171,35.3988],[138.9968,35.40266],[138.99539,35.40313],[138.98531,35.40167],[138.9826,35.40347],[138.9697,35.40487],[138.9669,35.40193],[138.95239,35.40147],[138.946,35.39967],[138.9399,35.39953],[138.9314,35.401],[138.9162,35.40053],[138.9174,35.41],[138.9243,35.41433],[138.9268,35.41986],[138.9294,35.42086],[138.9305,35.42553],[138.9272,35.43027],[138.92799,35.4368],[138.9355,35.445],[138.93719,35.44886],[138.9377,35.44893],[138.9543,35.45993],[138.966,35.46393],[138.96809,35.46373],[138.9735,35.46673],[138.9751,35.4664],[138.9787,35.46387],[138.9855,35.4698],[138.9906,35.47413],[138.9944,35.474],[138.9968,35.4742],[138.9975,35.47493],[139.00171,35.4748],[139.0058,35.47486],[139.007,35.4746],[139.0136,35.47933],[139.0179,35.479],[139.02049,35.47907],[139.02361,35.48107],[139.0266,35.4808],[139.0295,35.487],[139.0365,35.4908],[139.0419,35.49726],[139.0446,35.5032],[139.0461,35.50973],[139.0524,35.50973],[139.05969,35.50747],[139.06619,35.50933],[139.06799,35.51047],[139.0726,35.5102],[139.0795,35.51227],[139.08521,35.51207],[139.0909,35.51887],[139.10271,35.526],[139.1069,35.53247],[139.1088,35.53226],[139.11299,35.5374],[139.1124,35.5408],[139.1127,35.54693],[139.11189,35.5498],[139.11501,35.55367],[139.1218,35.5566],[139.1291,35.56373],[139.1283,35.57073],[139.12779,35.5804],[139.12469,35.5818],[139.12489,35.5832],[139.12309,35.58406],[139.1218,35.5862],[139.1216,35.58653],[139.1218,35.5884],[139.1223,35.589],[139.1239,35.59153],[139.1282,35.5936],[139.1331,35.6068],[139.1279,35.61246],[139.13429,35.61626],[139.1312,35.618],[139.12579,35.62267],[139.1239,35.62387],[139.1243,35.6324],[139.12711,35.6398],[139.12621,35.64273],[139.1218,35.6476],[139.1178,35.65313],[139.1196,35.65853],[139.1218,35.66146],[139.12401,35.66313],[139.12871,35.66727],[139.1304,35.66987],[139.131,35.6718]]],[[[139.74561,35.48493],[139.74115,35.48848],[139.74051,35.4882],[139.7363,35.4944],[139.7437,35.49767],[139.7468,35.49913],[139.75551,35.5032],[139.7588,35.50467],[139.7592,35.5036],[139.7599,35.50493],[139.7691,35.50613],[139.7785,35.5044],[139.77631,35.5032],[139.7787,35.49927],[139.76221,35.492],[139.759,35.4952],[139.7572,35.49446],[139.7585,35.49047],[139.7468,35.48533],[139.74561,35.48493]]],[[[139.7146,35.48587],[139.7345,35.49473],[139.73911,35.489],[139.7352,35.48727],[139.7417,35.47773],[139.74188,35.47701],[139.73935,35.47493],[139.73911,35.47491],[139.73863,35.47559],[139.73781,35.4752],[139.7254,35.46967],[139.71271,35.46407],[139.70599,35.4744],[139.7002,35.4786],[139.7146,35.48587]]],[[[139.653,35.46347],[139.6452,35.46933],[139.6422,35.46827],[139.64186,35.46895],[139.64182,35.47186],[139.64571,35.4746],[139.65041,35.4744],[139.65353,35.47203],[139.65239,35.47082],[139.65469,35.46911],[139.65231,35.46688],[139.65414,35.46455],[139.653,35.46347]]],[[[139.6956,35.4496],[139.6954,35.44967],[139.6808,35.45647],[139.6731,35.46046],[139.6727,35.4652],[139.6925,35.472],[139.6949,35.46367],[139.6848,35.45887],[139.68761,35.45727],[139.6978,35.46187],[139.7027,35.45513],[139.6956,35.4496]]],[[[139.64494,35.45096],[139.64128,35.45105],[139.63783,35.4529],[139.63512,35.45459],[139.63577,35.45536],[139.63864,35.4568],[139.64255,35.45776],[139.64285,35.45758],[139.64243,35.45704],[139.642,35.4551],[139.64305,35.45452],[139.64453,35.45613],[139.64494,35.45096]]],[[[139.67471,35.39967],[139.67133,35.40168],[139.67125,35.40285],[139.68011,35.40998],[139.68042,35.41005],[139.68422,35.40891],[139.68898,35.41271],[139.69217,35.41],[139.68387,35.40331],[139.68225,35.40448],[139.67632,35.39973],[139.67471,35.39967]]],[[[139.69141,35.40088],[139.69131,35.40093],[139.69511,35.40749],[139.69141,35.40088]]],[[[139.64349,35.33434],[139.6424,35.33653],[139.64301,35.3384],[139.6447,35.33833],[139.6459,35.33867],[139.64751,35.33853],[139.64799,35.337],[139.646,35.337],[139.646,35.33653],[139.6461,35.3348],[139.6483,35.33527],[139.6489,35.33467],[139.64349,35.33434]]],[[[139.6501,35.2942],[139.64391,35.30007],[139.64951,35.30487],[139.65199,35.3074],[139.6541,35.3056],[139.65669,35.30253],[139.65221,35.29867],[139.65291,35.29667],[139.6501,35.2942]]],[[[139.6295,35.12867],[139.6218,35.1322],[139.61861,35.1308],[139.6179,35.1314],[139.6153,35.13207],[139.6105,35.1326],[139.61121,35.1338],[139.61,35.13373],[139.6097,35.13553],[139.61011,35.137],[139.6169,35.13567],[139.6218,35.1366],[139.6265,35.1334],[139.6263,35.13187],[139.6288,35.13053],[139.6295,35.12867]]]]}},{"type":"Feature","properties":{"name":"京都","nameJa":"京都府"},"geometry":{"type":"MultiPolygon","coordinates":[[[[135.0367,35.53733],[135.0352,35.53973],[135.03011,35.53987],[135.01961,35.53827],[135.0083,35.53393],[135.0045,35.5356],[135.0024,35.535],[135,35.53511],[134.9968,35.53527],[134.9959,35.53533],[134.98801,35.53033],[134.98289,35.52887],[134.9796,35.52487],[134.9745,35.5252],[134.9669,35.52127],[134.96381,35.51607],[134.9592,35.513],[134.9548,35.51593],[134.95219,35.51507],[134.9481,35.51447],[134.94301,35.51387],[134.9351,35.5126],[134.9317,35.51247],[134.9265,35.51253],[134.92461,35.51467],[134.92281,35.52106],[134.9146,35.52773],[134.9151,35.52913],[134.91769,35.53287],[134.9187,35.53786],[134.9155,35.5416],[134.91431,35.5448],[134.90891,35.54667],[134.9035,35.54947],[134.901,35.5546],[134.896,35.55807],[134.8907,35.561],[134.8885,35.56067],[134.8815,35.5636],[134.88071,35.56727],[134.8718,35.57627],[134.8681,35.57587],[134.86861,35.5782],[134.86301,35.584],[134.8622,35.58653],[134.8577,35.58673],[134.8542,35.58813],[134.85541,35.59353],[134.8567,35.5934],[134.8624,35.59693],[134.8656,35.60167],[134.866,35.61246],[134.8696,35.61473],[134.8718,35.61773],[134.8725,35.61967],[134.8718,35.62453],[134.8712,35.62707],[134.8709,35.636],[134.86641,35.63687],[134.86641,35.6428],[134.867,35.64873],[134.8642,35.65113],[134.8671,35.65807],[134.8703,35.65966],[134.8718,35.65966],[134.87291,35.6594],[134.87761,35.6606],[134.882,35.65893],[134.88,35.65713],[134.8813,35.65607],[134.8842,35.65713],[134.884,35.65026],[134.88341,35.64673],[134.8856,35.647],[134.8869,35.64787],[134.8882,35.64746],[134.8904,35.64846],[134.8942,35.64587],[134.89931,35.64893],[134.90511,35.646],[134.92331,35.64647],[134.93401,35.6506],[134.9353,35.65053],[134.9429,35.6532],[134.9501,35.656],[134.95399,35.65767],[134.9659,35.66553],[134.966,35.66987],[134.9646,35.6708],[134.9644,35.6732],[134.9662,35.67307],[134.96581,35.67387],[134.96631,35.676],[134.96721,35.67553],[134.96901,35.67633],[134.97101,35.67627],[134.9715,35.67687],[134.9733,35.68307],[134.97701,35.68227],[134.9792,35.68407],[134.9832,35.68906],[134.98491,35.69233],[134.98871,35.69186],[134.9912,35.6904],[134.9968,35.69167],[134.9982,35.69133],[135,35.69257],[135.00191,35.69387],[135.00369,35.69366],[135.0069,35.69333],[135.0114,35.69347],[135.0127,35.69333],[135.01399,35.69113],[135.0172,35.6912],[135.0222,35.68953],[135.02969,35.69213],[135.0296,35.6968],[135.0354,35.70187],[135.0387,35.7016],[135.04131,35.70013],[135.0464,35.70287],[135.0607,35.70807],[135.06149,35.7098],[135.0623,35.71313],[135.0648,35.71227],[135.06891,35.7182],[135.0695,35.7184],[135.0704,35.71853],[135.0731,35.7184],[135.0817,35.72353],[135.0867,35.7302],[135.08389,35.73693],[135.08569,35.7398],[135.08749,35.73986],[135.0923,35.73807],[135.09219,35.74067],[135.0925,35.741],[135.0938,35.7428],[135.09579,35.7416],[135.1032,35.74207],[135.10429,35.74373],[135.10561,35.74367],[135.11,35.74593],[135.1118,35.74406],[135.1218,35.74633],[135.1235,35.7458],[135.1346,35.7532],[135.1337,35.75353],[135.1335,35.75547],[135.13831,35.75767],[135.13991,35.7532],[135.1441,35.75027],[135.1498,35.75253],[135.15179,35.7524],[135.15469,35.7532],[135.15511,35.75393],[135.15669,35.7536],[135.1637,35.755],[135.1651,35.7592],[135.16699,35.7578],[135.17239,35.75793],[135.174,35.7604],[135.18021,35.7602],[135.1853,35.76273],[135.18539,35.76593],[135.18871,35.7642],[135.1902,35.76427],[135.1938,35.7674],[135.1947,35.76753],[135.1969,35.76473],[135.1989,35.76493],[135.2045,35.76387],[135.2213,35.77193],[135.22,35.77433],[135.2197,35.7774],[135.22301,35.7792],[135.2251,35.77613],[135.2276,35.77453],[135.2346,35.76867],[135.2361,35.76653],[135.2372,35.76727],[135.23869,35.7652],[135.2438,35.7602],[135.2468,35.75733],[135.2495,35.7572],[135.25031,35.75953],[135.2518,35.7594],[135.2531,35.75933],[135.2551,35.75707],[135.2524,35.75553],[135.25169,35.754],[135.2513,35.75367],[135.25079,35.7532],[135.2505,35.75213],[135.257,35.74453],[135.2596,35.74467],[135.2618,35.74493],[135.26421,35.74493],[135.2674,35.74247],[135.2733,35.74247],[135.2733,35.7332],[135.2742,35.73033],[135.27721,35.7316],[135.2803,35.7284],[135.2838,35.72927],[135.2845,35.728],[135.2872,35.72593],[135.2878,35.72193],[135.28821,35.71553],[135.2865,35.71007],[135.2865,35.70767],[135.286,35.70507],[135.2874,35.70513],[135.28931,35.70647],[135.2906,35.7064],[135.2961,35.7028],[135.3027,35.69953],[135.3046,35.69967],[135.308,35.6944],[135.3063,35.69293],[135.3055,35.69413],[135.304,35.6882],[135.2998,35.68173],[135.2993,35.6788],[135.29919,35.6748],[135.29939,35.66987],[135.3029,35.6628],[135.3007,35.6632],[135.29871,35.66153],[135.2942,35.65987],[135.2914,35.66427],[135.28799,35.66473],[135.28841,35.66673],[135.2897,35.66653],[135.2926,35.66987],[135.2932,35.67013],[135.2939,35.67366],[135.2921,35.67413],[135.28841,35.67473],[135.2874,35.6756],[135.2813,35.66987],[135.2803,35.6696],[135.2798,35.6696],[135.27969,35.66973],[135.2795,35.66987],[135.27521,35.67207],[135.27499,35.66987],[135.2751,35.6688],[135.2718,35.66647],[135.27051,35.66707],[135.26801,35.6674],[135.2637,35.66213],[135.2543,35.65153],[135.2468,35.63373],[135.24431,35.62053],[135.2375,35.61707],[135.2338,35.61393],[135.2298,35.60907],[135.22501,35.60333],[135.2131,35.59693],[135.20619,35.58653],[135.2056,35.58473],[135.1926,35.57113],[135.1873,35.55867],[135.1875,35.5484],[135.1899,35.54467],[135.1931,35.53827],[135.1965,35.53947],[135.19839,35.537],[135.2014,35.53767],[135.2023,35.53953],[135.20399,35.5392],[135.2081,35.54267],[135.2099,35.55153],[135.20351,35.55527],[135.2041,35.55873],[135.2083,35.5628],[135.2101,35.5628],[135.2135,35.56387],[135.2196,35.56753],[135.22169,35.5674],[135.22369,35.56753],[135.22881,35.57587],[135.2278,35.5858],[135.2292,35.58546],[135.2357,35.5816],[135.2412,35.58427],[135.24071,35.58653],[135.24071,35.5878],[135.243,35.58773],[135.24539,35.59127],[135.2468,35.59067],[135.24921,35.59347],[135.25189,35.59933],[135.2547,35.59887],[135.25549,35.58867],[135.2511,35.5888],[135.2469,35.58653],[135.2493,35.58433],[135.2468,35.58333],[135.2468,35.5816],[135.2476,35.58013],[135.25211,35.5778],[135.25079,35.57593],[135.2507,35.5702],[135.2569,35.56753],[135.2588,35.56773],[135.2664,35.567],[135.26849,35.5662],[135.2739,35.56087],[135.2679,35.55773],[135.2628,35.5544],[135.25481,35.55667],[135.254,35.55273],[135.24989,35.55426],[135.25,35.55713],[135.2515,35.55967],[135.2468,35.56173],[135.2449,35.56133],[135.23781,35.55527],[135.23689,35.5458],[135.2442,35.53587],[135.2468,35.53593],[135.25259,35.53467],[135.2554,35.53493],[135.2612,35.53366],[135.2637,35.53373],[135.2673,35.53387],[135.2695,35.5316],[135.2718,35.529],[135.2715,35.5252],[135.2881,35.51627],[135.28821,35.51553],[135.2916,35.51593],[135.3098,35.5124],[135.31239,35.51507],[135.3167,35.52193],[135.3201,35.52547],[135.32159,35.5254],[135.32339,35.5256],[135.3264,35.5182],[135.33031,35.517],[135.33141,35.511],[135.334,35.50607],[135.3325,35.5032],[135.3297,35.4922],[135.3243,35.4902],[135.3231,35.48573],[135.3239,35.48247],[135.3241,35.48107],[135.3174,35.4802],[135.31641,35.47613],[135.31841,35.47793],[135.321,35.4768],[135.3185,35.47293],[135.315,35.47187],[135.31801,35.47073],[135.31689,35.46553],[135.3114,35.459],[135.313,35.4524],[135.31551,35.45307],[135.3163,35.4512],[135.31801,35.45166],[135.31731,35.45353],[135.31889,35.45393],[135.3196,35.45213],[135.3213,35.45253],[135.3208,35.45626],[135.32179,35.4554],[135.3232,35.45653],[135.3246,35.4564],[135.3244,35.45893],[135.3261,35.4594],[135.32581,35.4644],[135.3289,35.46527],[135.3316,35.46907],[135.3358,35.47227],[135.34669,35.47527],[135.3452,35.47807],[135.3474,35.48087],[135.34669,35.48233],[135.3407,35.4798],[135.3425,35.4834],[135.34911,35.4864],[135.34869,35.49053],[135.3468,35.494],[135.3495,35.4922],[135.35291,35.4922],[135.3531,35.49126],[135.35381,35.48873],[135.3568,35.48893],[135.3598,35.4876],[135.36549,35.48993],[135.368,35.48933],[135.36971,35.48993],[135.3718,35.48987],[135.3725,35.48873],[135.37311,35.4914],[135.37801,35.4908],[135.37869,35.48887],[135.382,35.48566],[135.3801,35.48353],[135.3768,35.4818],[135.37221,35.48146],[135.3718,35.4796],[135.3718,35.477],[135.37891,35.47766],[135.3815,35.47533],[135.3828,35.47687],[135.3851,35.47553],[135.3866,35.47667],[135.3851,35.47733],[135.3867,35.48],[135.3891,35.47993],[135.39081,35.4778],[135.39751,35.4788],[135.3945,35.48453],[135.39571,35.48967],[135.39999,35.49367],[135.3974,35.49633],[135.40041,35.5006],[135.399,35.5014],[135.3978,35.5],[135.3941,35.4996],[135.3956,35.5032],[135.3943,35.50566],[135.3904,35.50787],[135.3936,35.50927],[135.3963,35.5152],[135.3912,35.51727],[135.3853,35.5126],[135.3837,35.506],[135.3813,35.5032],[135.3786,35.50327],[135.3718,35.50627],[135.3716,35.50613],[135.36729,35.5054],[135.36501,35.50467],[135.3598,35.50547],[135.3571,35.5032],[135.3568,35.50293],[135.3541,35.5032],[135.3515,35.50427],[135.3445,35.50413],[135.3445,35.50547],[135.34261,35.50693],[135.3447,35.50907],[135.34711,35.5094],[135.3438,35.51513],[135.3477,35.51633],[135.34869,35.52047],[135.3443,35.52133],[135.34261,35.52667],[135.3403,35.52587],[135.3423,35.5226],[135.3385,35.52393],[135.33591,35.53393],[135.3385,35.54633],[135.3423,35.5518],[135.3439,35.5454],[135.34641,35.54306],[135.3486,35.54313],[135.35609,35.54893],[135.3651,35.5516],[135.3718,35.55527],[135.37801,35.56133],[135.3833,35.5606],[135.38811,35.5574],[135.39261,35.55787],[135.3987,35.5618],[135.39731,35.5644],[135.3978,35.56667],[135.3997,35.5638],[135.4012,35.56153],[135.41209,35.57013],[135.4263,35.56653],[135.42619,35.57047],[135.425,35.57353],[135.4279,35.5766],[135.4258,35.58007],[135.4286,35.57987],[135.4294,35.57967],[135.4328,35.58033],[135.4344,35.583],[135.4351,35.58653],[135.4337,35.59073],[135.43559,35.59067],[135.4389,35.59073],[135.4393,35.59106],[135.4408,35.59053],[135.4417,35.59113],[135.44301,35.59113],[135.44591,35.593],[135.44791,35.59273],[135.45,35.599],[135.453,35.59853],[135.4568,35.60086],[135.4619,35.60347],[135.4628,35.59947],[135.4613,35.59693],[135.46271,35.5928],[135.4572,35.59566],[135.4568,35.59267],[135.4518,35.59127],[135.45511,35.58653],[135.4547,35.58433],[135.4481,35.57907],[135.4491,35.57653],[135.4521,35.56747],[135.4537,35.56873],[135.4565,35.57053],[135.4583,35.56987],[135.4586,35.57047],[135.4655,35.57047],[135.4675,35.567],[135.4659,35.56487],[135.4657,35.56207],[135.4713,35.56413],[135.472,35.562],[135.47321,35.55773],[135.4792,35.5586],[135.4836,35.558],[135.485,35.55807],[135.4865,35.558],[135.4646,35.55093],[135.4599,35.5472],[135.45779,35.54166],[135.45399,35.53587],[135.44901,35.52353],[135.45081,35.52093],[135.46291,35.51327],[135.4675,35.50933],[135.4743,35.507],[135.47481,35.50487],[135.474,35.5032],[135.4724,35.50033],[135.4754,35.48907],[135.4738,35.48846],[135.4711,35.4896],[135.46741,35.48413],[135.4588,35.47253],[135.45911,35.46753],[135.4637,35.462],[135.4704,35.4556],[135.46989,35.45453],[135.4816,35.44853],[135.4857,35.4486],[135.48891,35.4408],[135.4886,35.43873],[135.4964,35.43793],[135.4968,35.43773],[135.4995,35.4324],[135.49789,35.43246],[135.4968,35.4314],[135.496,35.4284],[135.4958,35.42507],[135.4968,35.42493],[135.50011,35.42227],[135.5029,35.42047],[135.5112,35.42433],[135.5164,35.4222],[135.52161,35.4222],[135.5253,35.42067],[135.5257,35.41986],[135.52879,35.41087],[135.5282,35.4074],[135.5248,35.40233],[135.52791,35.39767],[135.53011,35.39573],[135.53,35.39153],[135.5264,35.38547],[135.5285,35.37973],[135.534,35.37746],[135.5504,35.37713],[135.55789,35.37693],[135.5656,35.37727],[135.5688,35.37527],[135.5744,35.3746],[135.5797,35.3742],[135.58771,35.36827],[135.5939,35.37113],[135.59579,35.37273],[135.6013,35.37167],[135.60699,35.3708],[135.61101,35.36753],[135.6145,35.371],[135.6218,35.36973],[135.63721,35.36407],[135.64191,35.3668],[135.6526,35.35987],[135.6591,35.3582],[135.66141,35.35633],[135.6684,35.3566],[135.6707,35.35406],[135.675,35.35073],[135.68381,35.348],[135.69051,35.34687],[135.7007,35.34373],[135.70551,35.34607],[135.7112,35.34947],[135.71449,35.35406],[135.7169,35.35406],[135.71851,35.35527],[135.7251,35.352],[135.7299,35.3514],[135.73621,35.3512],[135.74071,35.3556],[135.7408,35.35827],[135.7455,35.35847],[135.7468,35.358],[135.75951,35.35347],[135.76421,35.35647],[135.7668,35.3556],[135.7684,35.35607],[135.7681,35.35333],[135.7637,35.34453],[135.7775,35.34113],[135.7796,35.34027],[135.7821,35.33773],[135.7818,35.33653],[135.78799,35.32893],[135.7905,35.3252],[135.7926,35.32287],[135.79491,35.3212],[135.80659,35.317],[135.80901,35.31614],[135.8107,35.3098],[135.81151,35.30793],[135.81461,35.30593],[135.81599,35.30013],[135.8203,35.29787],[135.8206,35.28953],[135.8252,35.28293],[135.8313,35.27613],[135.8351,35.27427],[135.84,35.27587],[135.8421,35.27827],[135.8493,35.28047],[135.8532,35.2868],[135.85811,35.28913],[135.8604,35.283],[135.8558,35.277],[135.85471,35.27267],[135.84911,35.26787],[135.8446,35.26073],[135.8447,35.2564],[135.842,35.2532],[135.8436,35.2514],[135.8392,35.24527],[135.83611,35.24113],[135.8342,35.24113],[135.8373,35.23467],[135.83681,35.2258],[135.8291,35.22073],[135.83099,35.21467],[135.8318,35.2098],[135.83521,35.20467],[135.8399,35.191],[135.84109,35.18733],[135.84081,35.17953],[135.84241,35.17807],[135.8439,35.16987],[135.8481,35.16133],[135.8558,35.15947],[135.8557,35.15334],[135.85201,35.14687],[135.8485,35.14127],[135.85071,35.135],[135.85139,35.131],[135.8497,35.124],[135.8483,35.119],[135.84621,35.11367],[135.8443,35.1138],[135.84151,35.10147],[135.8374,35.0948],[135.8353,35.09087],[135.83949,35.08653],[135.8374,35.07893],[135.8315,35.07127],[135.83549,35.059],[135.8327,35.05293],[135.83051,35.0528],[135.8253,35.05327],[135.8204,35.04933],[135.815,35.04613],[135.8168,35.03993],[135.8231,35.03587],[135.8275,35.0276],[135.8268,35.02233],[135.8334,35.02233],[135.8347,35.0128],[135.82471,35.01213],[135.8204,35.015],[135.8199,35.01287],[135.8252,35.0084],[135.8326,35.00927],[135.8351,35.0032],[135.83502,35],[135.83501,34.99927],[135.83344,35],[135.832,35.00067],[135.83163,35],[135.8268,34.99113],[135.8438,34.99027],[135.8493,34.991],[135.8499,34.98453],[135.85541,34.98387],[135.8555,34.97827],[135.85451,34.97507],[135.85251,34.97073],[135.85609,34.96853],[135.8598,34.9632],[135.8632,34.95993],[135.8652,34.95713],[135.8718,34.9556],[135.87511,34.95327],[135.8782,34.94747],[135.87621,34.94254],[135.8788,34.93413],[135.8718,34.92673],[135.871,34.92513],[135.8685,34.91986],[135.8709,34.91053],[135.86639,34.90653],[135.8625,34.90294],[135.8672,34.89367],[135.86639,34.89227],[135.8718,34.8888],[135.87421,34.8882],[135.8768,34.88653],[135.882,34.8842],[135.8866,34.88306],[135.888,34.8798],[135.88499,34.8764],[135.8873,34.87553],[135.896,34.8726],[135.89799,34.8712],[135.907,34.87413],[135.9079,34.87653],[135.91299,34.88334],[135.92061,34.88407],[135.92329,34.8838],[135.9306,34.88847],[135.93359,34.88847],[135.93871,34.89314],[135.94051,34.8932],[135.9407,34.88547],[135.9404,34.87993],[135.94301,34.87813],[135.9417,34.869],[135.94141,34.86307],[135.94661,34.85333],[135.94569,34.85173],[135.9554,34.85367],[135.9586,34.8544],[135.9614,34.85373],[135.9632,34.8502],[135.9668,34.8482],[135.9684,34.8468],[135.9718,34.84573],[135.9707,34.8384],[135.9828,34.83994],[135.98621,34.8416],[135.9902,34.842],[135.9955,34.84307],[135.9968,34.84373],[136.0015,34.84493],[136.005,34.84274],[136.0023,34.83653],[136.0047,34.8282],[136.00681,34.82627],[136.0125,34.8254],[136.01579,34.82793],[136.0173,34.8282],[136.02719,34.8218],[136.02811,34.8192],[136.0269,34.8148],[136.02521,34.81447],[136.01849,34.81267],[136.01041,34.80073],[136.01131,34.7956],[136.0159,34.7974],[136.01801,34.7932],[136.0218,34.79153],[136.02029,34.7892],[136.0211,34.7844],[136.0248,34.7814],[136.0296,34.7802],[136.03349,34.77887],[136.03191,34.77067],[136.0296,34.76413],[136.0296,34.76067],[136.0285,34.7572],[136.0312,34.7558],[136.0378,34.75633],[136.0379,34.7532],[136.0406,34.74847],[136.0477,34.74267],[136.0517,34.74007],[136.05521,34.7384],[136.0526,34.7384],[136.04269,34.73607],[136.03951,34.7216],[136.0358,34.71833],[136.0334,34.716],[136.02899,34.71367],[136.0285,34.7062],[136.01939,34.7084],[136.01399,34.70773],[136.0132,34.7104],[136.01109,34.71494],[136.00551,34.71693],[136.0002,34.71353],[135.9968,34.71327],[135.9926,34.71227],[135.9915,34.7144],[135.9859,34.71513],[135.98489,34.72767],[135.9832,34.73314],[135.9807,34.73573],[135.97931,34.73673],[135.9754,34.74093],[135.9727,34.74153],[135.9695,34.74047],[135.96631,34.7424],[135.9632,34.74093],[135.9588,34.7402],[135.955,34.74767],[135.9447,34.74173],[135.94279,34.738],[135.9369,34.73993],[135.933,34.73793],[135.9254,34.74027],[135.9234,34.74387],[135.92821,34.7532],[135.92799,34.7534],[135.9285,34.7564],[135.9254,34.75753],[135.92171,34.75473],[135.9209,34.7532],[135.9193,34.7532],[135.9156,34.7532],[135.9131,34.74747],[135.9044,34.73653],[135.9014,34.73167],[135.89819,34.73147],[135.8956,34.725],[135.89,34.70867],[135.886,34.71267],[135.88181,34.7136],[135.8784,34.7124],[135.8765,34.7136],[135.8718,34.7114],[135.87021,34.71113],[135.8638,34.7076],[135.86389,34.7068],[135.8618,34.70687],[135.8486,34.70593],[135.8488,34.7074],[135.8439,34.709],[135.8391,34.71147],[135.83231,34.713],[135.8293,34.71273],[135.8266,34.71347],[135.8208,34.71187],[135.81621,34.71407],[135.81059,34.71473],[135.8107,34.71487],[135.8118,34.71633],[135.8062,34.71793],[135.80341,34.72167],[135.7995,34.7224],[135.7966,34.7208],[135.7928,34.72413],[135.78391,34.7242],[135.77789,34.7234],[135.7746,34.72413],[135.7738,34.72507],[135.765,34.72547],[135.7578,34.728],[135.7551,34.72747],[135.7545,34.72793],[135.7567,34.73507],[135.74879,34.74153],[135.7468,34.7464],[135.7363,34.74967],[135.7363,34.75167],[135.73621,34.7532],[135.7363,34.7548],[135.7334,34.75467],[135.73109,34.7648],[135.72839,34.77787],[135.729,34.7792],[135.739,34.78767],[135.73961,34.79027],[135.7415,34.79353],[135.74541,34.79833],[135.74471,34.80433],[135.7388,34.81147],[135.7356,34.81754],[135.7308,34.82267],[135.7245,34.823],[135.7229,34.82627],[135.7184,34.83167],[135.7153,34.83653],[135.7123,34.84027],[135.70979,34.8466],[135.70331,34.85147],[135.6955,34.8482],[135.69051,34.85607],[135.69431,34.86073],[135.69189,34.86127],[135.6908,34.8682],[135.6823,34.87213],[135.683,34.87774],[135.6796,34.88127],[135.6823,34.8878],[135.6757,34.89507],[135.6749,34.89867],[135.6667,34.90413],[135.6644,34.90313],[135.6636,34.90487],[135.66251,34.90393],[135.6539,34.90913],[135.64861,34.9094],[135.6479,34.9168],[135.6492,34.91667],[135.65221,34.9168],[135.6506,34.91986],[135.6503,34.92307],[135.64281,34.9298],[135.6404,34.93127],[135.6369,34.9314],[135.63071,34.93527],[135.6277,34.934],[135.6239,34.93527],[135.6218,34.93367],[135.616,34.92853],[135.6067,34.92813],[135.5999,34.928],[135.60291,34.936],[135.6053,34.93527],[135.6071,34.93667],[135.6093,34.93993],[135.61169,34.94207],[135.61169,34.94487],[135.6124,34.9468],[135.6163,34.95753],[135.6176,34.95753],[135.6171,34.9614],[135.6129,34.97133],[135.60851,34.97],[135.6057,34.97007],[135.60339,34.97113],[135.595,34.96947],[135.5921,34.96673],[135.59,34.96733],[135.5831,34.97627],[135.5733,34.97167],[135.57069,34.9674],[135.5731,34.96093],[135.577,34.9608],[135.57831,34.95573],[135.56911,34.95413],[135.5663,34.95287],[135.5636,34.9536],[135.56171,34.945],[135.55679,34.93807],[135.55771,34.933],[135.5587,34.9344],[135.56329,34.9422],[135.56531,34.9402],[135.56219,34.93353],[135.56461,34.93373],[135.5712,34.93907],[135.58,34.937],[135.5807,34.9236],[135.57651,34.91986],[135.57269,34.9168],[135.5722,34.91653],[135.5625,34.91767],[135.5537,34.916],[135.5507,34.91793],[135.5484,34.9176],[135.54449,34.91713],[135.54179,34.91533],[135.536,34.91986],[135.53751,34.92487],[135.5248,34.9288],[135.5209,34.9328],[135.51691,34.93347],[135.5132,34.94387],[135.5047,34.94607],[135.50279,34.94534],[135.4968,34.94067],[135.49001,34.9418],[135.48849,34.94587],[135.4843,34.9474],[135.481,34.94947],[135.4863,34.9564],[135.4846,34.95833],[135.4809,34.96247],[135.4823,34.96507],[135.4866,34.96673],[135.4854,34.96453],[135.4901,34.96767],[135.48891,34.96753],[135.4865,34.9744],[135.4832,34.9814],[135.4848,34.98373],[135.4928,34.98774],[135.49139,34.98933],[135.4874,34.99193],[135.4841,34.9926],[135.48199,34.99474],[135.47231,34.9946],[135.46162,35],[135.46069,35.00047],[135.45219,35.0022],[135.44971,35.0032],[135.442,35.00627],[135.4361,35.00827],[135.42419,35.0032],[135.423,35.00227],[135.41769,35.0032],[135.4099,35.01093],[135.40311,35.00667],[135.3972,35.01073],[135.3949,35.00913],[135.38921,35.01107],[135.3821,35.01014],[135.3797,35.01547],[135.3779,35.02107],[135.38029,35.02554],[135.38181,35.03093],[135.3802,35.03633],[135.37621,35.0428],[135.3718,35.0452],[135.3708,35.04533],[135.3688,35.0536],[135.3718,35.05907],[135.37669,35.06073],[135.37621,35.06493],[135.38721,35.0724],[135.39371,35.07373],[135.39771,35.07613],[135.3992,35.07613],[135.3989,35.08113],[135.4007,35.08653],[135.4016,35.0878],[135.40311,35.0894],[135.4007,35.09307],[135.3913,35.09806],[135.3904,35.0984],[135.3885,35.09713],[135.3887,35.1072],[135.39301,35.11087],[135.3896,35.1146],[135.38611,35.119],[135.38969,35.12593],[135.3894,35.1288],[135.37289,35.12914],[135.3718,35.1304],[135.3698,35.1322],[135.36841,35.1318],[135.3607,35.13213],[135.35609,35.136],[135.34351,35.13573],[135.33929,35.13867],[135.3372,35.1438],[135.339,35.14487],[135.3405,35.14993],[135.3284,35.14913],[135.323,35.1466],[135.3064,35.14427],[135.3004,35.1428],[135.29871,35.14347],[135.2946,35.14193],[135.2896,35.14213],[135.286,35.1442],[135.2822,35.14493],[135.278,35.15107],[135.28281,35.15073],[135.28731,35.15747],[135.29089,35.15967],[135.28979,35.16987],[135.28889,35.17233],[135.2847,35.17133],[135.28081,35.174],[135.2773,35.17473],[135.2738,35.17707],[135.26581,35.17546],[135.2579,35.17713],[135.2549,35.17667],[135.25101,35.17753],[135.2468,35.177],[135.2366,35.17707],[135.2327,35.1774],[135.2287,35.16987],[135.2283,35.1674],[135.2245,35.16393],[135.2149,35.16213],[135.2067,35.16087],[135.20461,35.163],[135.20081,35.1656],[135.196,35.16987],[135.1944,35.17127],[135.1869,35.1718],[135.1891,35.1822],[135.18629,35.1898],[135.1925,35.19407],[135.1954,35.194],[135.19901,35.194],[135.1967,35.20287],[135.1925,35.20447],[135.1881,35.2082],[135.1819,35.21593],[135.18069,35.21567],[135.175,35.2146],[135.1703,35.22027],[135.1651,35.2194],[135.15559,35.2262],[135.1557,35.2292],[135.15939,35.23],[135.1662,35.2402],[135.162,35.2532],[135.1613,35.2574],[135.15829,35.25993],[135.1481,35.2636],[135.14301,35.2624],[135.13609,35.265],[135.1304,35.26114],[135.1218,35.263],[135.11549,35.26327],[135.10899,35.26627],[135.09869,35.259],[135.09399,35.26007],[135.09061,35.2564],[135.08501,35.2532],[135.0808,35.245],[135.077,35.24447],[135.07381,35.2414],[135.0675,35.2372],[135.0658,35.24013],[135.0641,35.245],[135.0602,35.24933],[135.0594,35.2532],[135.05659,35.258],[135.0565,35.264],[135.0551,35.2646],[135.0513,35.26247],[135.04269,35.26353],[135.03819,35.26073],[135.03641,35.26187],[135.0257,35.2652],[135.0168,35.269],[135.00999,35.2698],[135.0114,35.2774],[135.00951,35.28367],[135.0007,35.28727],[135,35.28867],[134.99879,35.29107],[134.9968,35.29047],[134.9957,35.28953],[134.99161,35.29],[134.9756,35.29507],[134.9668,35.29693],[134.96021,35.29793],[134.9489,35.3034],[134.9464,35.30547],[134.9429,35.30827],[134.93719,35.3076],[134.9256,35.3112],[134.92081,35.31633],[134.9254,35.3218],[134.9247,35.32567],[134.9272,35.32927],[134.92531,35.33653],[134.9191,35.33873],[134.91701,35.33993],[134.9185,35.34933],[134.92261,35.35273],[134.9185,35.36447],[134.92641,35.37753],[134.92509,35.38586],[134.923,35.39433],[134.9245,35.39407],[134.927,35.39787],[134.931,35.40167],[134.93381,35.4074],[134.94481,35.4132],[134.9539,35.4088],[134.9586,35.40907],[134.9687,35.40033],[134.9763,35.39827],[134.9789,35.3984],[134.9872,35.39447],[134.9868,35.39073],[134.9895,35.38627],[134.9968,35.38707],[134.99969,35.38673],[135,35.38692],[135.00439,35.3896],[135.00951,35.3918],[135.0125,35.3936],[135.01511,35.39326],[135.0192,35.39447],[135.0217,35.39807],[135.028,35.405],[135.0291,35.4096],[135.04089,35.4088],[135.04581,35.4072],[135.04829,35.4074],[135.0499,35.41986],[135.0481,35.422],[135.0475,35.42687],[135.0482,35.43293],[135.0504,35.44193],[135.0495,35.45107],[135.0475,35.45207],[135.0432,35.46233],[135.04269,35.46693],[135.0405,35.47347],[135.0358,35.47533],[135.03529,35.4802],[135.03841,35.48067],[135.0417,35.4934],[135.03281,35.49726],[135.0399,35.5032],[135.04469,35.50853],[135.0439,35.50933],[135.0419,35.52047],[135.0397,35.52647],[135.03619,35.53007],[135.0367,35.53733]]],[[[135.4231,35.67646],[135.4214,35.67973],[135.4234,35.68373],[135.4243,35.6882],[135.42731,35.68247],[135.4231,35.67646]]],[[[135.4782,35.5932],[135.4749,35.5956],[135.4761,35.59913],[135.47701,35.60307],[135.47791,35.60593],[135.4796,35.6042],[135.4809,35.59433],[135.4782,35.5932]]],[[[135.3389,35.4936],[135.33881,35.4968],[135.34041,35.4986],[135.3474,35.49713],[135.3472,35.49593],[135.3389,35.4936]]]]}},{"type":"Feature","properties":{"name":"大阪","nameJa":"大阪府"},"geometry":{"type":"MultiPolygon","coordinates":[[[[135.3708,35.04533],[135.3718,35.0452],[135.37621,35.0428],[135.3802,35.03633],[135.38181,35.03093],[135.38029,35.02554],[135.3779,35.02107],[135.3797,35.01547],[135.3821,35.01014],[135.38921,35.01107],[135.3949,35.00913],[135.3972,35.01073],[135.40311,35.00667],[135.4099,35.01093],[135.41769,35.0032],[135.423,35.00227],[135.42419,35.0032],[135.4361,35.00827],[135.442,35.00627],[135.44971,35.0032],[135.45219,35.0022],[135.46069,35.00047],[135.46162,35],[135.47231,34.9946],[135.48199,34.99474],[135.4841,34.9926],[135.4874,34.99193],[135.49139,34.98933],[135.4928,34.98774],[135.4848,34.98373],[135.4832,34.9814],[135.4865,34.9744],[135.48891,34.96753],[135.4901,34.96767],[135.4854,34.96453],[135.4866,34.96673],[135.4823,34.96507],[135.4809,34.96247],[135.4846,34.95833],[135.4863,34.9564],[135.481,34.94947],[135.4843,34.9474],[135.48849,34.94587],[135.49001,34.9418],[135.4968,34.94067],[135.50279,34.94534],[135.5047,34.94607],[135.5132,34.94387],[135.51691,34.93347],[135.5209,34.9328],[135.5248,34.9288],[135.53751,34.92487],[135.536,34.91986],[135.54179,34.91533],[135.54449,34.91713],[135.5484,34.9176],[135.5507,34.91793],[135.5537,34.916],[135.5625,34.91767],[135.5722,34.91653],[135.57269,34.9168],[135.57651,34.91986],[135.5807,34.9236],[135.58,34.937],[135.5712,34.93907],[135.56461,34.93373],[135.56219,34.93353],[135.56531,34.9402],[135.56329,34.9422],[135.5587,34.9344],[135.55771,34.933],[135.55679,34.93807],[135.56171,34.945],[135.5636,34.9536],[135.5663,34.95287],[135.56911,34.95413],[135.57831,34.95573],[135.577,34.9608],[135.5731,34.96093],[135.57069,34.9674],[135.5733,34.97167],[135.5831,34.97627],[135.59,34.96733],[135.5921,34.96673],[135.595,34.96947],[135.60339,34.97113],[135.6057,34.97007],[135.60851,34.97],[135.6129,34.97133],[135.6171,34.9614],[135.6176,34.95753],[135.6163,34.95753],[135.6124,34.9468],[135.61169,34.94487],[135.61169,34.94207],[135.6093,34.93993],[135.6071,34.93667],[135.6053,34.93527],[135.60291,34.936],[135.5999,34.928],[135.6067,34.92813],[135.616,34.92853],[135.6218,34.93367],[135.6239,34.93527],[135.6277,34.934],[135.63071,34.93527],[135.6369,34.9314],[135.6404,34.93127],[135.64281,34.9298],[135.6503,34.92307],[135.6506,34.91986],[135.65221,34.9168],[135.6492,34.91667],[135.6479,34.9168],[135.64861,34.9094],[135.6539,34.90913],[135.66251,34.90393],[135.6636,34.90487],[135.6644,34.90313],[135.6667,34.90413],[135.6749,34.89867],[135.6757,34.89507],[135.6823,34.8878],[135.6796,34.88127],[135.683,34.87774],[135.6823,34.87213],[135.6908,34.8682],[135.69189,34.86127],[135.69431,34.86073],[135.69051,34.85607],[135.6955,34.8482],[135.70331,34.85147],[135.70979,34.8466],[135.7123,34.84027],[135.7153,34.83653],[135.7184,34.83167],[135.7229,34.82627],[135.7245,34.823],[135.7308,34.82267],[135.7356,34.81754],[135.7388,34.81147],[135.74471,34.80433],[135.74541,34.79833],[135.7415,34.79353],[135.73961,34.79027],[135.739,34.78767],[135.729,34.7792],[135.72839,34.77787],[135.72099,34.7744],[135.71671,34.77787],[135.71159,34.78127],[135.711,34.78127],[135.7067,34.77153],[135.709,34.77173],[135.7084,34.76173],[135.7095,34.7532],[135.7065,34.74847],[135.7019,34.75053],[135.69839,34.7496],[135.6987,34.74607],[135.6965,34.74367],[135.69991,34.7348],[135.7038,34.72393],[135.69971,34.7214],[135.68781,34.71247],[135.6837,34.71127],[135.6727,34.70167],[135.67281,34.7],[135.67261,34.69213],[135.6767,34.68487],[135.6778,34.67927],[135.6736,34.66987],[135.6714,34.66753],[135.67081,34.6616],[135.6651,34.65294],[135.66479,34.64973],[135.66389,34.64327],[135.6619,34.6354],[135.6631,34.63327],[135.65961,34.62407],[135.6584,34.61467],[135.6554,34.61147],[135.6503,34.60873],[135.6515,34.6068],[135.6519,34.60413],[135.65919,34.60247],[135.6705,34.60353],[135.67529,34.60127],[135.6778,34.59187],[135.677,34.5898],[135.6801,34.58653],[135.6815,34.58493],[135.6812,34.5842],[135.67621,34.5804],[135.67261,34.57993],[135.6711,34.57667],[135.6727,34.57067],[135.67039,34.56973],[135.6577,34.563],[135.65739,34.5608],[135.6545,34.5536],[135.6562,34.5522],[135.65291,34.54693],[135.6505,34.54493],[135.65331,34.54133],[135.6581,34.54353],[135.65981,34.541],[135.6597,34.53833],[135.6617,34.53027],[135.6653,34.52953],[135.6671,34.5308],[135.6691,34.5306],[135.67661,34.5246],[135.6767,34.51353],[135.67509,34.5058],[135.673,34.5032],[135.6745,34.50134],[135.67799,34.49773],[135.6797,34.49027],[135.6842,34.4854],[135.68201,34.48147],[135.6817,34.47713],[135.6819,34.46513],[135.6819,34.4648],[135.68271,34.45673],[135.6864,34.45087],[135.6824,34.44433],[135.67979,34.43567],[135.672,34.4264],[135.6696,34.42633],[135.6647,34.424],[135.6662,34.41986],[135.66611,34.41913],[135.6709,34.4132],[135.6761,34.41373],[135.6799,34.40827],[135.6769,34.40633],[135.6754,34.39953],[135.6631,34.39653],[135.6617,34.3926],[135.65491,34.3848],[135.6507,34.3832],[135.6396,34.38333],[135.6384,34.382],[135.6218,34.38393],[135.6196,34.3844],[135.614,34.37707],[135.6039,34.37733],[135.6013,34.3794],[135.5974,34.3804],[135.5941,34.37527],[135.584,34.37613],[135.5795,34.3764],[135.5705,34.37153],[135.567,34.3718],[135.5614,34.3668],[135.5528,34.35927],[135.5502,34.3582],[135.547,34.35653],[135.5407,34.3576],[135.5347,34.35253],[135.5287,34.35133],[135.52271,34.34767],[135.50771,34.33653],[135.50301,34.33653],[135.50211,34.3378],[135.5036,34.33887],[135.50279,34.3434],[135.5031,34.3464],[135.5,34.3502],[135.4968,34.35247],[135.4908,34.3548],[135.485,34.36274],[135.4791,34.3582],[135.47751,34.35367],[135.4731,34.3532],[135.46609,34.34787],[135.4637,34.348],[135.45821,34.34727],[135.4527,34.34973],[135.45039,34.34927],[135.4438,34.3476],[135.4339,34.34813],[135.43111,34.34727],[135.4261,34.34067],[135.4175,34.34007],[135.4136,34.34107],[135.4088,34.34187],[135.40669,34.33653],[135.4064,34.33533],[135.40109,34.33266],[135.39709,34.33053],[135.3932,34.33127],[135.3924,34.33173],[135.3889,34.33247],[135.3868,34.32973],[135.381,34.32893],[135.37601,34.33027],[135.3718,34.3302],[135.3688,34.3306],[135.3622,34.32913],[135.3593,34.3326],[135.3541,34.3328],[135.3463,34.33087],[135.3423,34.3344],[135.33861,34.33493],[135.3382,34.33513],[135.33881,34.331],[135.3353,34.32673],[135.328,34.32413],[135.33,34.31667],[135.3255,34.31907],[135.3111,34.3136],[135.30721,34.31433],[135.3035,34.31267],[135.3013,34.30407],[135.2988,34.30254],[135.2966,34.30087],[135.29311,34.29933],[135.2894,34.302],[135.2861,34.31153],[135.2822,34.3178],[135.27071,34.3122],[135.26221,34.3126],[135.25729,34.31547],[135.2468,34.31307],[135.23531,34.30427],[135.2251,34.30087],[135.2225,34.303],[135.2076,34.30807],[135.2081,34.30407],[135.205,34.30047],[135.2048,34.2888],[135.1993,34.28733],[135.1971,34.2866],[135.19319,34.28693],[135.1897,34.28327],[135.18781,34.28313],[135.1844,34.2794],[135.1794,34.27946],[135.1722,34.2802],[135.1602,34.27773],[135.15311,34.2742],[135.1545,34.28067],[135.14799,34.28354],[135.14351,34.2808],[135.14011,34.2818],[135.1375,34.27453],[135.13251,34.27246],[135.1291,34.27427],[135.12601,34.27673],[135.1218,34.2746],[135.1181,34.27353],[135.11369,34.27433],[135.11121,34.272],[135.1076,34.2778],[135.1086,34.28287],[135.1019,34.2858],[135.0992,34.2884],[135.0993,34.29213],[135.0965,34.29587],[135.1026,34.30167],[135.1058,34.30787],[135.1031,34.3104],[135.0974,34.30787],[135.09311,34.31167],[135.09331,34.3146],[135.0959,34.31427],[135.0972,34.31433],[135.101,34.31873],[135.1134,34.322],[135.1174,34.3216],[135.11949,34.32207],[135.1218,34.31993],[135.1218,34.32107],[135.1218,34.3242],[135.1236,34.32507],[135.12601,34.3246],[135.13029,34.326],[135.1328,34.323],[135.1299,34.32067],[135.13881,34.3186],[135.13969,34.3176],[135.1423,34.3196],[135.14279,34.32087],[135.1472,34.3228],[135.15289,34.33113],[135.16119,34.33113],[135.1692,34.33547],[135.173,34.33653],[135.175,34.33754],[135.1778,34.33653],[135.17821,34.33647],[135.1886,34.33653],[135.1908,34.3378],[135.1922,34.33653],[135.19231,34.33607],[135.1937,34.3364],[135.1937,34.33653],[135.1962,34.3384],[135.20149,34.34207],[135.20329,34.34087],[135.2052,34.34267],[135.20689,34.3426],[135.2182,34.34493],[135.2289,34.35353],[135.2415,34.367],[135.2413,34.3678],[135.2468,34.37373],[135.2484,34.37673],[135.2504,34.3768],[135.2542,34.376],[135.25189,34.37747],[135.2565,34.38093],[135.25839,34.3814],[135.2625,34.38053],[135.2627,34.38147],[135.2627,34.38026],[135.2726,34.38907],[135.27361,34.39133],[135.27319,34.3896],[135.27859,34.39353],[135.2794,34.39527],[135.2865,34.40067],[135.2886,34.40347],[135.29269,34.40693],[135.2943,34.41507],[135.302,34.4158],[135.3062,34.41947],[135.3093,34.41707],[135.31349,34.41986],[135.31441,34.42213],[135.3145,34.42127],[135.3156,34.4218],[135.31551,34.41986],[135.3163,34.41867],[135.3177,34.41986],[135.3167,34.42173],[135.3188,34.42],[135.3181,34.42213],[135.3213,34.4218],[135.3192,34.4226],[135.31329,34.42653],[135.3174,34.43067],[135.3224,34.42787],[135.3204,34.42567],[135.3224,34.42433],[135.3279,34.4298],[135.32581,34.4312],[135.3248,34.43013],[135.32069,34.43287],[135.3246,34.43693],[135.3308,34.43274],[135.33459,34.43867],[135.33749,34.44187],[135.33611,34.44427],[135.3432,34.44994],[135.3461,34.448],[135.3499,34.4518],[135.3517,34.45787],[135.3531,34.45713],[135.3515,34.4518],[135.3531,34.4508],[135.3593,34.45987],[135.3609,34.46149],[135.36005,34.46196],[135.35912,34.46249],[135.35841,34.46165],[135.35779,34.46094],[135.35399,34.46299],[135.35638,34.46429],[135.36282,34.47218],[135.36345,34.47142],[135.36412,34.4706],[135.36339,34.46977],[135.36244,34.4686],[135.36234,34.46848],[135.36234,34.46829],[135.36224,34.46655],[135.36372,34.46577],[135.36555,34.4681],[135.36691,34.46799],[135.36833,34.46775],[135.36919,34.46747],[135.36946,34.4674],[135.36987,34.46745],[135.37004,34.46756],[135.37025,34.46783],[135.37035,34.468],[135.37218,34.47152],[135.37221,34.47163],[135.37122,34.47192],[135.36862,34.47146],[135.36783,34.47191],[135.36505,34.47586],[135.36382,34.47761],[135.36615,34.48066],[135.36668,34.4804],[135.37173,34.47788],[135.37273,34.47726],[135.37411,34.47622],[135.37444,34.4758],[135.37354,34.47469],[135.37517,34.47355],[135.37575,34.47321],[135.37598,34.47327],[135.3764,34.47433],[135.37697,34.47861],[135.37469,34.4798],[135.37183,34.48127],[135.37221,34.48263],[135.3725,34.48349],[135.37532,34.48257],[135.37587,34.48239],[135.37604,34.48248],[135.37721,34.4858],[135.37741,34.4865],[135.37221,34.48922],[135.3703,34.49021],[135.37219,34.49389],[135.37221,34.49447],[135.37184,34.49476],[135.3709,34.4955],[135.37088,34.50014],[135.37086,34.50265],[135.37114,34.50327],[135.37128,34.50356],[135.37225,34.50499],[135.37383,34.50727],[135.37627,34.50867],[135.37654,34.50884],[135.37749,34.5094],[135.37862,34.51097],[135.37665,34.51243],[135.37646,34.5122],[135.37598,34.51149],[135.3755,34.51091],[135.36716,34.51711],[135.3783,34.53201],[135.37137,34.52254],[135.37788,34.51928],[135.37805,34.51915],[135.37808,34.51886],[135.37651,34.51665],[135.37677,34.51652],[135.37946,34.51517],[135.37975,34.51522],[135.37988,34.51529],[135.38043,34.5157],[135.38063,34.51597],[135.38075,34.51614],[135.38211,34.51913],[135.38216,34.51935],[135.38222,34.51963],[135.38225,34.52011],[135.38223,34.52042],[135.38208,34.52154],[135.38179,34.52272],[135.38174,34.52293],[135.3819,34.52416],[135.38213,34.52533],[135.3822,34.52551],[135.38443,34.51878],[135.38599,34.51751],[135.3847,34.51568],[135.38177,34.5117],[135.38416,34.50996],[135.38756,34.51435],[135.38953,34.51283],[135.38626,34.50837],[135.39014,34.5055],[135.39238,34.50756],[135.39038,34.50915],[135.39043,34.50927],[135.39268,34.51223],[135.39302,34.51214],[135.39505,34.51154],[135.39667,34.51083],[135.39606,34.50982],[135.39639,34.50952],[135.39688,34.50917],[135.39706,34.50919],[135.39919,34.51002],[135.40045,34.51088],[135.39743,34.51382],[135.39735,34.51416],[135.39825,34.51517],[135.40207,34.51855],[135.40321,34.51738],[135.40135,34.51418],[135.40257,34.51297],[135.4044,34.51616],[135.40561,34.515],[135.40376,34.51182],[135.4052,34.51041],[135.40984,34.51365],[135.40642,34.5169],[135.41032,34.52296],[135.41815,34.51938],[135.41841,34.51935],[135.41864,34.51933],[135.41873,34.51958],[135.41878,34.51973],[135.41901,34.52018],[135.41988,34.52103],[135.42514,34.52612],[135.43181,34.5322],[135.43745,34.54073],[135.43767,34.54105],[135.43779,34.54124],[135.44214,34.54778],[135.44388,34.55115],[135.44408,34.55176],[135.44566,34.55693],[135.43965,34.55856],[135.43608,34.55952],[135.43132,34.56076],[135.42242,34.56075],[135.42195,34.56075],[135.41046,34.56075],[135.40919,34.56289],[135.40979,34.5639],[135.40477,34.58649],[135.40204,34.59985],[135.40236,34.60006],[135.40266,34.59998],[135.41574,34.59375],[135.4173,34.5866],[135.42027,34.57261],[135.42075,34.57038],[135.42087,34.56965],[135.42947,34.57072],[135.42915,34.57272],[135.42772,34.58116],[135.4274,34.58116],[135.42625,34.58767],[135.42615,34.58968],[135.43375,34.58666],[135.43419,34.5864],[135.43448,34.58471],[135.43425,34.58468],[135.43504,34.58268],[135.44154,34.58292],[135.44345,34.57627],[135.4447,34.56887],[135.44447,34.56869],[135.44456,34.56819],[135.44472,34.56735],[135.44501,34.56708],[135.44626,34.56667],[135.44864,34.56595],[135.45245,34.56487],[135.45299,34.56575],[135.45338,34.56644],[135.44945,34.56795],[135.45064,34.57245],[135.45143,34.57499],[135.45186,34.57548],[135.45279,34.57592],[135.45551,34.57582],[135.45541,34.57421],[135.45547,34.5736],[135.45671,34.57268],[135.45715,34.57323],[135.45757,34.57386],[135.45767,34.57569],[135.45668,34.57642],[135.45274,34.57658],[135.45178,34.57712],[135.45013,34.58346],[135.45026,34.58366],[135.45056,34.58378],[135.45081,34.58372],[135.45197,34.58337],[135.45187,34.58319],[135.45338,34.58267],[135.45406,34.58258],[135.45506,34.5825],[135.45732,34.58252],[135.45888,34.58352],[135.46251,34.58276],[135.46257,34.58255],[135.46323,34.58141],[135.46384,34.58128],[135.46411,34.58133],[135.46469,34.58152],[135.46544,34.58209],[135.46571,34.58268],[135.46638,34.58462],[135.46507,34.58503],[135.46445,34.58511],[135.46402,34.58503],[135.46373,34.5849],[135.46338,34.58464],[135.46332,34.5843],[135.46346,34.58394],[135.46376,34.58346],[135.46436,34.58329],[135.46429,34.58307],[135.45061,34.5866],[135.4493,34.58696],[135.4493,34.58714],[135.45245,34.59002],[135.46062,34.58788],[135.46063,34.58765],[135.46243,34.58733],[135.46278,34.58793],[135.46275,34.58948],[135.46262,34.59153],[135.4606,34.59483],[135.45969,34.5948],[135.4599,34.59066],[135.45909,34.59004],[135.45178,34.59193],[135.44943,34.59107],[135.44788,34.59049],[135.44394,34.58934],[135.44379,34.58961],[135.44334,34.59042],[135.43774,34.5887],[135.42554,34.59336],[135.42352,34.60502],[135.43089,34.60285],[135.43352,34.60235],[135.43381,34.60214],[135.43326,34.60084],[135.43896,34.59915],[135.4447,34.59765],[135.44536,34.5982],[135.44557,34.59869],[135.44644,34.60069],[135.44652,34.60098],[135.44649,34.60189],[135.43703,34.60479],[135.43715,34.6067],[135.43709,34.60861],[135.4371,34.61073],[135.42345,34.6108],[135.42339,34.619],[135.42366,34.61914],[135.42609,34.61795],[135.42665,34.61306],[135.43292,34.61306],[135.43289,34.61498],[135.43016,34.61605],[135.43019,34.61764],[135.4317,34.61734],[135.43137,34.62083],[135.4313,34.62134],[135.43129,34.6218],[135.43419,34.62334],[135.44125,34.62611],[135.4415,34.62518],[135.44286,34.61812],[135.44368,34.6166],[135.44624,34.61467],[135.44716,34.61472],[135.44753,34.62197],[135.44818,34.62556],[135.44838,34.62914],[135.44809,34.63072],[135.44827,34.63099],[135.45041,34.63055],[135.45345,34.62924],[135.45338,34.63165],[135.45264,34.63488],[135.45093,34.63516],[135.44829,34.63475],[135.44751,34.63902],[135.44716,34.64119],[135.44974,34.642],[135.44981,34.64181],[135.44989,34.64145],[135.44937,34.64127],[135.44926,34.64145],[135.44839,34.64133],[135.44775,34.64112],[135.44849,34.63552],[135.44853,34.63541],[135.44864,34.6354],[135.45078,34.63583],[135.45006,34.64034],[135.45163,34.64056],[135.45104,34.64381],[135.45079,34.64531],[135.45053,34.64594],[135.4501,34.64671],[135.44827,34.64606],[135.44765,34.6458],[135.44592,34.6451],[135.44417,34.64447],[135.4438,34.64455],[135.44223,34.6452],[135.44202,34.6454],[135.44563,34.64672],[135.44353,34.6475],[135.43987,34.64616],[135.43535,34.64803],[135.43539,34.64828],[135.43712,34.64891],[135.43886,34.64954],[135.43733,34.65071],[135.43321,34.64922],[135.43228,34.64957],[135.42938,34.65091],[135.42648,34.65002],[135.42609,34.64996],[135.42589,34.6501],[135.4254,34.65101],[135.42552,34.65123],[135.42674,34.65172],[135.42731,34.65192],[135.42792,34.65198],[135.42804,34.65181],[135.42874,34.65208],[135.42882,34.65236],[135.42799,34.65481],[135.42622,34.6557],[135.42352,34.65713],[135.42294,34.65713],[135.42242,34.65678],[135.42186,34.65578],[135.42145,34.655],[135.42073,34.65368],[135.41936,34.6532],[135.41917,34.65332],[135.41985,34.65688],[135.4203,34.6594],[135.42041,34.66016],[135.41801,34.65952],[135.41624,34.65347],[135.41592,34.6522],[135.41568,34.65196],[135.4151,34.65171],[135.41464,34.65156],[135.41444,34.65154],[135.41432,34.65157],[135.41426,34.6518],[135.41435,34.65223],[135.41464,34.65349],[135.41646,34.66151],[135.41765,34.66183],[135.41774,34.66167],[135.42261,34.66305],[135.42372,34.66352],[135.42445,34.66467],[135.4263,34.66785],[135.42606,34.66828],[135.42575,34.66816],[135.42513,34.66703],[135.42442,34.66577],[135.41792,34.66356],[135.41748,34.66345],[135.41692,34.66386],[135.41693,34.66605],[135.41702,34.66865],[135.41714,34.66899],[135.41734,34.66919],[135.4185,34.67065],[135.41772,34.67348],[135.41285,34.67177],[135.40987,34.67081],[135.4082,34.6719],[135.40888,34.6745],[135.41931,34.67686],[135.41615,34.68419],[135.41754,34.68667],[135.42391,34.6932],[135.41382,34.68667],[135.41242,34.68776],[135.40807,34.69102],[135.40279,34.6932],[135.41029,34.7006],[135.42419,34.70587],[135.42751,34.70967],[135.4368,34.71494],[135.44701,34.71967],[135.44521,34.72927],[135.4469,34.73327],[135.4561,34.73473],[135.4599,34.7332],[135.45869,34.73467],[135.4593,34.7514],[135.457,34.75113],[135.4558,34.7532],[135.45621,34.7598],[135.4532,34.7586],[135.4511,34.7584],[135.4492,34.7674],[135.4444,34.7684],[135.4453,34.7748],[135.4427,34.7842],[135.44141,34.79093],[135.4406,34.79173],[135.43871,34.7918],[135.4341,34.79713],[135.43269,34.79773],[135.4292,34.80247],[135.4234,34.80193],[135.4157,34.81947],[135.42149,34.82627],[135.4239,34.83653],[135.4167,34.85207],[135.4203,34.85153],[135.4299,34.85547],[135.4304,34.86],[135.4342,34.8702],[135.4366,34.8776],[135.4397,34.88753],[135.4426,34.8912],[135.4446,34.8954],[135.4446,34.89847],[135.43781,34.89607],[135.43291,34.8922],[135.4306,34.89227],[135.4317,34.89533],[135.4268,34.90607],[135.4202,34.9066],[135.4182,34.9088],[135.42191,34.91067],[135.424,34.91314],[135.433,34.9168],[135.438,34.91986],[135.4511,34.91986],[135.45551,34.91827],[135.4575,34.91827],[135.45981,34.9182],[135.4651,34.91986],[135.4657,34.92173],[135.4671,34.9252],[135.4668,34.92873],[135.4614,34.9266],[135.45171,34.93087],[135.4417,34.93927],[135.4393,34.93747],[135.4357,34.9378],[135.42799,34.93647],[135.42461,34.93573],[135.4182,34.93387],[135.4171,34.94107],[135.41209,34.94007],[135.40919,34.94113],[135.41161,34.9422],[135.4108,34.9432],[135.4077,34.9432],[135.39639,34.9442],[135.3923,34.9414],[135.3905,34.94293],[135.38721,34.94693],[135.38541,34.95367],[135.38271,34.9554],[135.3763,34.9558],[135.3718,34.95373],[135.36951,34.9548],[135.3649,34.956],[135.36011,34.95447],[135.3548,34.9616],[135.3492,34.96427],[135.3456,34.96527],[135.34621,34.9684],[135.34979,34.9798],[135.351,34.9796],[135.35899,34.98233],[135.3533,34.98813],[135.35251,35],[135.35229,35.0032],[135.3528,35.00593],[135.354,35.0078],[135.35449,35.0138],[135.3542,35.02407],[135.34911,35.02654],[135.3454,35.02613],[135.3394,35.02587],[135.33369,35.03453],[135.3304,35.03453],[135.3376,35.0436],[135.339,35.04313],[135.34219,35.0436],[135.34779,35.04547],[135.349,35.05087],[135.3577,35.05007],[135.3616,35.04733],[135.3662,35.04453],[135.3708,35.04533]]],[[[135.40971,34.65903],[135.4086,34.65921],[135.40181,34.66032],[135.40181,34.66047],[135.39468,34.6616],[135.38791,34.66267],[135.3878,34.66247],[135.38675,34.66265],[135.38791,34.66774],[135.39081,34.6691],[135.39215,34.66964],[135.40248,34.67329],[135.40764,34.66989],[135.40932,34.66876],[135.41089,34.66558],[135.40971,34.65903]]],[[[135.39209,34.64225],[135.37894,34.64307],[135.37286,34.65196],[135.37944,34.66006],[135.38684,34.65894],[135.39807,34.65716],[135.39963,34.65689],[135.4045,34.65371],[135.40265,34.65181],[135.3998,34.64888],[135.39426,34.64562],[135.39417,34.64567],[135.3922,34.647],[135.39207,34.64697],[135.392,34.64691],[135.39198,34.64656],[135.39204,34.64578],[135.39226,34.6439],[135.3922,34.64301],[135.39209,34.64225]]],[[[135.42216,34.62192],[135.42059,34.62581],[135.41937,34.62596],[135.41621,34.62605],[135.41617,34.62584],[135.41032,34.62585],[135.40738,34.62945],[135.41476,34.63485],[135.41222,34.63714],[135.40443,34.63141],[135.39861,34.63127],[135.3985,34.63137],[135.39848,34.63822],[135.39864,34.63837],[135.40176,34.63955],[135.40529,34.64082],[135.41624,34.64474],[135.41673,34.6446],[135.4176,34.64436],[135.42409,34.6426],[135.42612,34.64294],[135.43236,34.64397],[135.43393,34.64347],[135.43935,34.64122],[135.44167,34.62925],[135.44185,34.62832],[135.44167,34.62819],[135.43181,34.62438],[135.42216,34.62192]]],[[[135.41753,34.61084],[135.41699,34.61212],[135.40266,34.61206],[135.40054,34.61744],[135.39932,34.62072],[135.40219,34.6207],[135.40591,34.61975],[135.41228,34.61978],[135.41467,34.61948],[135.41699,34.61953],[135.41699,34.61976],[135.4184,34.61962],[135.42033,34.61298],[135.41913,34.61085],[135.41753,34.61084]]],[[[135.42625,34.54705],[135.43065,34.55371],[135.43492,34.55274],[135.43677,34.55545],[135.44073,34.55441],[135.44092,34.55412],[135.44078,34.54958],[135.44044,34.54868],[135.44003,34.54811],[135.43637,34.54254],[135.4312,34.53482],[135.43076,34.53419],[135.42236,34.52571],[135.42148,34.52487],[135.4212,34.52473],[135.42107,34.52464],[135.42,34.52443],[135.41769,34.52424],[135.40477,34.53004],[135.40466,34.53013],[135.40474,34.53035],[135.4072,34.535],[135.40437,34.53605],[135.40105,34.53415],[135.39911,34.53644],[135.40527,34.54729],[135.40604,34.54858],[135.40929,34.55442],[135.4158,34.54998],[135.41214,34.54351],[135.41133,34.542],[135.41579,34.53996],[135.42012,34.53797],[135.4227,34.54178],[135.42488,34.54506],[135.42625,34.54705]]],[[[135.39374,34.53138],[135.39465,34.53261],[135.39635,34.53271],[135.39966,34.52921],[135.40112,34.52742],[135.40268,34.52558],[135.40109,34.52057],[135.40045,34.51929],[135.39977,34.51893],[135.39676,34.51827],[135.39519,34.51815],[135.39383,34.5185],[135.39319,34.5191],[135.39656,34.52147],[135.39531,34.52259],[135.39206,34.52034],[135.39069,34.52172],[135.39389,34.52395],[135.39276,34.5251],[135.38957,34.5229],[135.38834,34.52396],[135.39374,34.53138]]],[[[135.33411,34.44573],[135.3279,34.45],[135.3378,34.4634],[135.3401,34.4664],[135.34691,34.45867],[135.3455,34.45447],[135.33411,34.44573]]],[[[135.2294,34.44598],[135.23563,34.45029],[135.24137,34.45531],[135.2452,34.45149],[135.2501,34.45137],[135.24987,34.44861],[135.25214,34.44682],[135.24029,34.43868],[135.23204,34.43306],[135.23311,34.43186],[135.241,34.43727],[135.2468,34.44114],[135.25121,34.44407],[135.2592,34.44333],[135.2646,34.43767],[135.2632,34.43687],[135.2515,34.4298],[135.2468,34.4274],[135.2399,34.42273],[135.2355,34.41986],[135.2366,34.4186],[135.23604,34.41815],[135.2347,34.41707],[135.2346,34.41713],[135.236,34.41819],[135.23489,34.4194],[135.22701,34.4132],[135.2205,34.41986],[135.2184,34.42207],[135.23,34.4298],[135.2288,34.4309],[135.22581,34.42935],[135.22174,34.43342],[135.20583,34.42336],[135.20128,34.42827],[135.20499,34.43054],[135.2087,34.4321],[135.21803,34.43832],[135.2294,34.44598]]]]}}]}